mirna,Patient_1,Control_10,Control_11,Patient_13,Patient_14,Patient_15,Patient_16,Patient_17,Patient_18,Patient_2,Control_20,Control_21,Control_22,Patient_25,Patient_26,Patient_27,Patient_28,Patient_29,Patient_3,Patient_30,Control_31,Control_33,Control_34,Control_35,Patient_37,Patient_38,Patient_39,Patient_4,Patient_40,Patient_41,Patient_42,Patient_43,Control_44,Control_45,Control_46,Control_47,Control_49,Patient_5,Control_50,Patient_6,Control_7,Control_9
cel-miR-39-3p,16,35,81,15,114,95,46,39,82,29,59,119,40,31,20,28,35,76,30,26,351,80,1,10,119,3,42,2,14,19,25,45,30,11,12,29,25,10,8,61,15,63
hsa-let-7a-3p,92,0,23,67,7,5,15,7,26,110,0,6,0,8,2,11,12,17,23,9,14,47,0,1,0,1,3,300,0,0,0,0,3,1,0,0,0,175,0,10,2,7
hsa-let-7a-5p,2861,199,1259,3147,2358,1624,1308,2729,2293,11898,27,586,50,885,613,3464,1300,3905,1639,2178,2276,6802,72,269,730,40,1614,7743,1601,431,5005,1527,688,181,230,114,97,3638,108,1776,83,744
hsa-let-7b-3p,8,4,10,2,12,9,8,10,8,42,1,3,2,7,2,13,10,18,12,3,50,36,1,1,0,0,1,21,1,1,1,0,2,0,0,0,1,8,0,9,0,8
hsa-let-7b-5p,4802,2254,6160,7515,7325,5989,4170,4333,5837,11937,430,3205,1295,2353,1446,6067,7250,7052,5186,4694,12892,24628,416,1293,5172,95,2971,12286,2927,1369,4619,2227,2628,585,3879,1518,1247,7135,764,4496,960,5885
hsa-let-7c-5p,78,25,62,236,135,53,123,128,96,325,5,45,11,54,35,50,122,182,156,109,104,677,8,9,26,0,63,331,47,46,110,48,15,9,22,3,6,132,7,99,7,59
hsa-let-7d-3p,431,263,452,476,630,643,425,369,446,1573,11,254,37,477,416,530,554,704,689,427,1784,1098,16,46,100,5,335,1174,297,71,398,99,66,31,67,37,59,615,25,741,81,381
hsa-let-7d-5p,926,67,162,557,314,246,196,321,210,2038,8,64,7,116,147,413,100,429,587,304,223,426,8,32,84,1,152,1748,219,52,587,155,44,27,13,9,7,762,6,343,26,93
hsa-let-7e-3p,3,0,0,0,0,0,0,0,0,3,0,0,0,0,0,0,0,0,0,0,0,3,0,0,0,0,0,3,0,0,0,0,0,0,0,0,0,3,0,4,0,0
hsa-let-7e-5p,129,11,31,43,58,86,29,158,95,190,0,15,0,26,41,59,5,76,72,50,14,59,1,0,11,3,24,178,23,7,90,16,12,2,2,0,2,98,7,77,4,28
hsa-let-7f-1-3p,26,0,2,20,0,7,0,1,2,48,0,1,0,0,0,0,0,9,8,6,0,0,0,0,0,0,0,63,0,0,0,1,0,0,0,0,0,20,0,4,0,0
hsa-let-7f-2-3p,7,0,0,6,0,0,0,0,0,2,0,0,0,2,0,0,0,0,6,1,1,3,0,0,0,0,0,17,3,0,0,0,0,0,0,0,0,6,0,0,0,0
hsa-let-7f-5p,2708,74,471,2958,1492,970,783,1814,2059,9706,29,295,27,671,534,1658,536,2044,1088,1146,1296,3873,30,116,313,22,865,8269,1005,190,1562,635,323,100,92,26,27,4194,64,1044,53,443
hsa-let-7g-5p,2110,103,393,1822,984,551,544,1021,1102,4763,13,277,27,351,256,1078,1044,1337,918,921,2506,6427,65,223,247,19,518,5238,514,77,951,355,200,74,248,95,118,2206,78,670,47,403
hsa-let-7i-3p,13,0,1,11,0,0,2,0,1,2,0,1,0,1,0,0,0,2,0,0,4,7,0,0,0,0,0,2,0,0,0,0,0,0,0,0,0,3,0,0,0,0
hsa-let-7i-5p,8063,480,1071,7435,3009,1552,2098,1850,2354,14889,132,683,118,944,1138,2286,1146,2195,3844,1753,3081,6516,63,141,786,40,1476,23028,1540,369,3763,972,569,217,421,149,169,13889,102,1950,330,1165
hsa-miR-100-5p,61,29,213,33,163,44,108,26,53,1639,9,76,35,42,15,118,131,107,134,93,336,555,5,13,6,10,10,89,5,1,2,0,1,17,1,0,14,184,1,106,41,225
hsa-miR-101-3p,2477,609,959,1125,941,644,940,692,957,2651,31,510,43,361,477,774,1304,1514,1113,690,3293,6617,69,170,97,10,137,3267,80,20,32,71,63,21,50,41,71,2519,16,624,285,1279
hsa-miR-101-5p,1,0,0,0,0,0,0,0,0,0,0,0,0,0,0,1,0,2,5,0,0,0,0,0,0,0,0,0,0,0,0,0,0,0,0,0,0,0,0,0,0,0
hsa-miR-103a-3p,1732,76,18,101,275,151,205,123,87,2312,16,32,13,63,99,67,59,91,770,144,165,270,7,3,6,2,33,723,10,10,159,13,10,11,18,4,7,788,2,142,28,65
hsa-miR-103b,672,20,135,664,171,80,62,92,177,989,10,94,8,67,62,171,121,236,258,93,123,211,2,4,0,0,3,1607,12,0,47,17,0,1,2,0,3,484,0,120,23,58
hsa-miR-106a-5p,15,5,8,5,7,2,6,2,19,17,1,5,0,3,5,13,3,17,2,3,22,29,1,0,1,0,2,25,4,0,0,0,0,0,0,0,0,23,0,13,0,8
hsa-miR-106b-3p,368,14,9,189,63,67,84,74,50,465,1,24,8,24,20,82,77,88,242,94,290,210,4,17,12,0,25,432,13,1,43,14,6,2,6,4,0,368,1,52,15,55
hsa-miR-106b-5p,93,13,14,24,32,18,27,2,17,59,0,9,3,13,11,34,30,37,56,22,88,197,2,8,12,0,0,80,3,0,0,0,2,0,0,3,1,64,0,5,6,23
hsa-miR-107,30,2,1,28,30,13,35,23,9,54,2,5,2,4,2,20,27,3,21,19,35,30,0,27,0,0,0,90,0,9,2,0,2,1,0,0,0,53,0,3,18,23
hsa-miR-10a-3p,0,0,0,0,0,0,0,1,0,1,0,0,0,0,0,0,3,0,0,0,0,0,0,0,0,0,0,4,0,0,0,0,0,0,0,0,0,0,0,0,0,3
hsa-miR-10a-5p,849,124,847,1620,830,502,644,868,997,2299,14,338,49,351,457,633,562,1144,860,521,2823,2429,30,55,112,10,154,3640,182,31,163,53,73,22,15,18,42,1220,13,971,39,1153
hsa-miR-10b-3p,0,4,2,0,2,0,0,0,0,0,0,0,0,0,0,0,0,1,0,0,0,0,0,0,0,0,0,0,0,0,0,0,0,0,0,0,0,0,0,0,0,0
hsa-miR-10b-5p,79,84,719,121,529,239,216,422,347,520,8,293,24,162,172,291,403,576,215,159,2950,1888,33,33,16,2,27,361,46,12,24,33,20,1,10,14,20,67,1,720,49,1388
hsa-miR-1180-3p,50,102,132,28,61,95,100,24,53,98,7,36,18,18,29,48,124,109,62,59,280,298,2,22,6,0,8,48,3,0,46,20,1,4,47,8,30,54,1,50,32,132
hsa-miR-1185-1-3p,15,0,0,17,5,14,0,4,4,84,0,0,0,0,9,3,0,1,9,5,0,0,0,0,0,0,4,19,0,0,0,0,0,0,0,0,0,20,0,1,0,12
hsa-miR-1185-2-3p,1,0,0,0,0,0,0,0,0,4,0,0,0,0,0,0,0,0,0,0,0,0,0,0,0,0,0,0,0,0,0,0,0,0,0,0,0,2,0,0,0,0
hsa-miR-1193,0,0,0,0,0,0,0,0,0,0,0,0,1,0,0,0,0,0,2,0,1,0,0,0,0,0,0,2,0,0,0,0,0,0,0,0,0,4,0,0,0,0
hsa-miR-1207-3p,0,0,0,0,0,0,0,0,0,0,0,0,0,0,0,0,0,0,0,0,0,0,0,0,0,0,0,0,0,1,0,0,0,0,0,0,0,0,0,0,0,13
hsa-miR-1224-5p,2,1,0,2,1,0,0,1,2,0,0,0,0,0,0,1,0,1,1,0,3,3,0,0,0,0,0,0,0,0,0,0,0,0,1,0,0,0,0,0,0,0
hsa-miR-1225-3p,0,0,0,0,0,0,0,0,0,0,0,0,0,0,0,0,0,5,0,0,0,0,0,0,0,0,0,0,0,0,0,0,1,0,0,0,0,0,0,0,0,0
hsa-miR-122-5p,630,1929,22348,626,12739,1032,3191,1370,13866,1241,112,836,570,1633,1159,3631,1307,14732,1720,3009,14965,32552,120,239,1378,145,1835,2483,1130,641,867,488,395,110,1120,133,300,2736,170,13387,811,5768
hsa-miR-1226-3p,0,0,0,0,0,1,0,0,0,1,0,0,0,0,0,0,0,0,1,1,0,3,0,0,0,0,0,0,0,0,0,0,0,0,0,0,0,0,0,2,0,0
hsa-miR-1227-3p,1,0,0,0,0,0,1,0,0,2,0,0,0,0,0,0,0,0,0,0,0,0,0,0,0,0,0,0,0,0,0,0,0,0,0,0,0,1,0,1,0,0
hsa-miR-1228-5p,0,27,13,1,12,1,2,4,1,3,15,5,14,12,15,11,12,7,3,0,40,16,1,1,62,0,11,1,4,40,5,5,3,5,14,7,45,1,0,15,12,37
hsa-miR-1229-3p,2,0,1,0,2,0,0,11,6,5,0,0,0,2,0,4,1,2,1,0,0,0,1,0,2,0,10,1,0,1,4,0,0,0,0,0,6,1,1,5,0,19
hsa-miR-1229-5p,0,0,0,0,0,0,0,0,0,0,0,0,0,0,0,0,0,0,0,0,0,0,0,0,0,0,0,7,0,0,0,0,0,0,0,0,0,0,0,0,0,0
hsa-miR-1238-3p,0,0,0,0,0,0,1,0,0,0,0,0,0,0,0,0,0,2,1,0,3,4,0,0,1,0,0,0,0,0,0,0,0,0,0,0,0,0,0,2,0,0
hsa-miR-1244,0,0,0,0,0,0,0,0,0,0,0,0,0,1,0,0,0,0,0,0,0,0,0,0,0,0,0,0,0,0,0,0,0,0,0,0,0,0,0,0,0,38
hsa-miR-1246,14,5,120,1,30,12,24,50,36,38,15,27,6,10,13,18,21,43,27,8,110,124,1,4,0,0,5,12,7,2,6,8,0,0,6,1,2,12,0,73,17,152
hsa-miR-1247-5p,0,0,5,0,0,0,0,0,0,0,0,1,0,0,0,0,0,0,0,0,0,0,0,0,0,0,0,0,1,0,0,0,0,0,0,0,0,0,0,0,0,0
hsa-miR-1248,0,0,0,0,0,0,0,0,0,0,0,0,0,0,0,0,0,0,0,0,0,0,0,0,0,0,0,0,0,0,0,0,0,0,0,0,0,0,0,0,0,0
hsa-miR-1249-3p,5,1,2,0,0,9,2,1,0,0,0,0,0,4,0,2,0,1,1,0,0,0,0,0,13,0,0,1,0,0,7,1,0,0,0,0,0,1,0,0,0,0
hsa-miR-1250-5p,5,0,0,0,3,0,0,0,0,5,0,0,0,1,0,0,0,0,0,0,0,0,0,0,0,0,0,3,0,0,0,0,0,0,0,0,0,2,0,0,0,14
hsa-miR-1254,6,0,0,0,0,0,1,0,1,15,3,2,0,0,0,6,0,1,2,1,0,0,0,0,0,0,0,7,0,0,1,0,0,0,2,0,0,4,0,4,0,1
hsa-miR-1255a,7,0,4,0,3,1,1,4,0,35,0,0,0,6,0,5,8,1,9,3,0,0,0,0,0,0,0,23,6,0,1,0,0,0,0,0,0,9,0,0,0,0
hsa-miR-1255b-5p,0,0,0,0,0,0,0,0,0,0,0,0,0,0,0,0,1,1,0,0,0,6,0,0,0,0,0,0,0,0,0,0,0,0,0,0,0,0,0,0,0,0
hsa-miR-125a-3p,1,0,0,0,1,4,0,0,1,5,0,0,0,0,0,0,0,0,5,0,0,0,0,0,0,0,2,3,0,0,0,0,0,0,0,0,0,3,0,0,2,0
hsa-miR-125a-5p,606,7,49,513,153,72,96,43,81,621,2,16,5,48,38,24,11,110,220,61,78,37,1,1,25,1,36,557,17,6,16,0,18,3,0,5,0,293,0,150,17,6
hsa-miR-125b-1-3p,0,0,0,0,0,0,0,0,4,1,0,0,0,0,0,0,0,0,0,0,0,0,0,0,0,0,0,1,0,0,0,0,0,0,0,0,0,0,0,6,0,0
hsa-miR-125b-2-3p,0,0,0,0,3,0,6,4,0,4,0,0,0,0,0,1,1,0,1,0,1,3,0,0,0,0,0,1,0,0,0,0,0,0,0,0,0,2,0,0,4,0
hsa-miR-125b-5p,46,1,42,51,56,6,40,7,23,68,4,7,5,10,13,21,16,44,47,17,135,50,2,4,1,2,11,37,4,4,7,1,1,0,0,0,2,36,0,42,3,30
hsa-miR-1260a,37,1,1,4,4,6,13,4,1,26,0,6,0,2,4,6,2,4,8,2,11,0,0,0,5,0,9,16,10,4,7,0,0,1,0,1,0,15,0,33,1,3
hsa-miR-1260b,51,4,6,5,13,7,9,37,9,58,3,5,0,11,7,14,0,5,17,6,18,0,0,0,8,1,17,19,5,10,32,2,0,3,0,0,0,56,0,37,0,2
hsa-miR-126-3p,27998,249,1040,16028,4005,2193,2056,1634,3032,28746,149,711,122,1213,1832,2260,562,2389,7958,1520,2180,2495,39,84,154,43,748,35282,406,113,682,307,191,83,27,14,34,25710,32,3323,356,2075
hsa-miR-126-5p,797,4,47,635,134,96,64,92,135,1069,7,38,2,55,83,102,41,127,337,68,49,130,1,3,6,5,33,2129,26,15,26,29,2,6,2,6,0,1261,2,107,8,7
hsa-miR-1268a,0,1,1,0,0,0,0,0,0,0,0,0,0,0,0,0,0,0,1,0,1,3,0,0,1,0,0,0,0,0,0,0,0,0,0,0,0,0,0,0,0,0
hsa-miR-1268b,0,0,0,0,0,0,0,0,0,0,0,0,0,0,0,1,0,0,1,0,0,0,0,0,0,0,0,0,0,0,0,0,0,0,0,0,0,0,0,0,0,0
hsa-miR-1270,4,0,0,0,1,3,4,0,1,8,0,0,0,0,0,3,0,3,0,0,0,0,0,0,0,0,0,6,0,0,0,0,0,0,0,0,0,4,0,6,3,0
hsa-miR-1271-5p,10,0,0,0,0,0,0,0,0,12,0,0,0,0,2,0,0,0,5,0,0,0,0,0,0,0,1,2,0,0,5,1,0,0,0,0,0,6,0,0,0,0
hsa-miR-1273a,13,1,5,6,4,7,6,0,3,15,1,2,4,0,0,4,1,11,10,6,19,8,1,0,3,0,4,3,6,2,4,0,0,0,0,4,4,10,0,5,4,2
hsa-miR-1273c,4,0,0,0,0,0,1,0,0,1,0,0,0,0,1,1,0,0,1,0,0,11,0,1,0,0,0,2,0,0,0,0,0,0,0,0,0,8,0,0,0,17
hsa-miR-1273d,6,0,0,24,10,0,1,1,0,5,0,0,0,0,0,0,0,0,1,1,0,2,0,0,0,0,0,1,0,0,0,0,0,0,0,0,0,1,0,2,1,0
hsa-miR-1273e,5,0,0,0,1,0,0,5,2,5,0,1,1,2,1,5,0,4,2,1,34,0,0,1,4,0,0,3,0,0,0,0,0,0,0,1,0,3,3,2,0,0
hsa-miR-1273f,0,0,1,0,0,0,0,0,0,3,0,0,0,0,0,1,1,1,0,0,4,1,0,0,0,0,0,2,0,0,0,0,0,1,0,0,0,2,0,1,0,0
hsa-miR-1273g-3p,0,1,2,4,0,0,0,0,0,1,0,0,0,0,0,0,0,0,0,2,0,0,0,0,0,1,1,0,0,0,0,0,0,0,0,0,0,0,0,3,0,0
hsa-miR-1273g-5p,0,0,0,0,0,0,0,0,0,0,0,0,0,0,0,0,0,2,0,0,0,0,0,0,1,0,1,0,0,0,0,0,0,0,0,2,0,0,0,0,0,3
hsa-miR-1273h-3p,143,5,1,73,50,36,62,23,39,277,7,5,3,20,38,13,1,57,173,51,46,12,0,0,9,0,9,183,4,11,23,5,2,6,0,2,0,174,0,70,7,5
hsa-miR-1273h-5p,65,1,2,24,18,6,17,3,8,112,2,0,3,11,8,9,3,12,85,3,6,7,0,1,0,0,8,45,23,0,45,0,0,1,1,1,0,58,0,17,0,8
hsa-miR-127-3p,1080,94,68,1471,888,1752,519,593,948,9541,49,113,33,290,1040,543,133,463,3031,555,195,242,6,7,50,13,237,3358,396,40,1124,88,64,30,6,6,7,8329,22,141,401,265
hsa-miR-1275,1,0,0,1,0,0,0,0,0,2,0,0,0,0,0,0,0,0,3,0,0,0,0,0,0,0,0,2,0,0,0,0,0,0,0,0,0,0,0,0,0,0
hsa-miR-127-5p,9,0,0,11,0,3,2,2,0,13,0,0,0,0,1,0,0,0,9,0,0,0,0,0,0,0,0,5,0,0,0,0,0,0,0,0,0,15,0,0,0,0
hsa-miR-1277-3p,0,0,0,0,3,0,0,0,0,0,0,0,0,0,0,0,0,0,0,0,0,0,0,0,0,0,0,5,0,0,0,0,0,0,0,0,0,1,0,0,0,0
hsa-miR-1277-5p,0,0,0,1,1,0,0,0,0,9,0,0,0,1,0,0,0,0,1,0,0,0,0,0,0,0,0,3,0,0,0,0,0,0,0,0,0,6,0,0,0,0
hsa-miR-1278,4,0,0,0,3,0,0,0,1,3,0,0,0,0,0,0,0,1,6,0,7,8,0,2,0,0,0,16,0,0,0,0,0,0,0,1,0,3,0,0,0,0
hsa-miR-128-3p,3751,214,453,6569,1588,1558,1358,1218,1590,12253,41,388,58,1073,1104,1562,691,1605,3109,1340,1562,1580,32,71,124,8,579,10857,417,51,562,167,89,63,57,20,40,4903,23,1434,174,520
hsa-miR-1284,5,0,10,0,0,0,0,0,0,3,0,0,0,0,0,0,4,0,0,2,5,4,0,1,0,0,3,5,0,0,0,0,0,0,0,0,0,1,0,1,0,0
hsa-miR-1285-3p,8,1,4,7,4,5,3,1,4,14,1,1,0,3,1,8,12,5,8,3,9,23,0,3,0,0,0,13,0,0,1,0,2,0,3,0,0,14,0,3,0,1
hsa-miR-1285-5p,2,4,1,0,0,0,2,0,0,4,0,3,0,1,0,6,0,2,5,3,0,8,0,0,0,0,0,0,0,1,0,0,0,0,1,0,1,0,0,2,0,3
hsa-miR-1287-5p,9,0,2,6,6,0,9,1,0,5,1,1,0,1,1,3,4,0,3,2,0,8,0,0,0,0,0,6,0,0,0,0,0,0,0,0,0,8,0,0,0,0
hsa-miR-1288-3p,5,0,2,0,9,0,1,0,0,4,0,0,0,0,0,2,0,0,3,0,0,3,0,0,0,0,0,4,0,0,0,1,0,0,0,0,0,5,0,1,1,0
hsa-miR-1290,3,15,57,2,12,7,10,17,14,3,2,14,10,11,5,20,27,22,13,4,31,31,0,13,0,0,1,0,0,1,1,0,5,0,1,1,3,3,0,35,6,28
hsa-miR-1291,0,0,0,0,1,0,0,0,0,9,1,0,0,0,0,0,0,1,0,1,0,0,0,0,0,0,0,1,0,0,0,0,0,0,0,0,0,1,1,0,0,0
hsa-miR-129-2-3p,0,0,0,0,0,0,0,0,0,0,0,0,0,0,0,0,0,0,0,0,0,0,0,0,0,0,0,0,0,0,0,0,0,0,0,0,0,0,0,0,0,0
hsa-miR-1292-5p,21,1,8,6,4,14,11,1,4,45,4,3,0,4,5,10,2,8,27,5,7,26,1,2,11,0,2,24,0,3,3,1,0,0,2,0,0,26,0,9,3,22
hsa-miR-1294,3,2,4,1,8,3,4,0,1,3,0,2,2,1,0,6,0,15,11,7,4,23,0,1,0,0,0,14,0,0,0,0,0,0,0,0,0,8,0,1,0,2
hsa-miR-129-5p,0,2,4,0,0,0,0,1,0,1,0,0,1,0,0,4,0,8,0,0,1,4,1,0,0,0,0,0,1,0,0,0,0,0,0,0,0,0,3,0,2,4
hsa-miR-1296-5p,24,0,0,2,0,1,0,0,0,27,0,0,0,0,0,0,0,0,4,0,0,0,0,0,0,0,0,15,0,0,0,0,0,0,0,0,0,6,0,0,0,0
hsa-miR-1298-5p,2,0,0,0,0,0,0,0,0,2,0,0,0,0,0,0,0,0,5,0,0,0,0,0,0,0,0,0,0,0,0,0,0,0,0,0,0,0,0,0,0,0
hsa-miR-1299,4,0,0,0,3,0,1,0,0,2,0,0,1,0,0,0,1,1,0,0,0,8,0,0,0,0,0,2,0,0,5,0,0,0,0,0,0,8,0,4,0,0
hsa-miR-1301-3p,166,10,8,156,40,42,44,15,27,363,2,6,3,27,31,23,1,32,116,16,13,31,0,0,3,1,6,221,14,0,20,4,0,0,0,0,0,107,1,29,1,15
hsa-miR-1303,0,0,0,0,0,0,2,0,4,1,0,0,0,0,0,0,0,0,0,0,1,0,0,0,0,0,1,2,0,0,0,0,0,0,0,0,2,0,0,2,0,0
hsa-miR-1304-3p,25,0,0,53,16,5,18,1,0,66,0,1,0,3,2,10,5,5,18,6,17,1,0,0,0,0,0,44,0,0,7,1,0,0,0,0,0,40,0,1,1,0
hsa-miR-1304-5p,2,3,3,0,8,11,5,0,3,14,0,1,0,0,4,9,4,10,0,2,1,3,0,0,0,0,0,14,0,0,3,0,0,0,0,0,0,9,0,3,0,0
hsa-miR-1306-3p,14,3,0,23,9,4,3,5,3,27,0,2,1,1,5,7,3,2,16,6,18,15,1,0,0,0,2,21,7,1,7,0,0,0,0,0,0,28,0,3,5,5
hsa-miR-1306-5p,3,1,6,16,5,1,1,0,3,9,0,1,0,1,5,1,6,4,0,2,37,12,0,3,0,0,0,3,1,0,15,0,3,0,2,0,6,9,1,14,0,7
hsa-miR-1307-3p,1772,245,227,2525,843,684,785,462,756,3042,98,153,129,362,499,1006,143,510,2799,415,538,437,7,23,172,5,309,2365,308,71,812,132,67,41,38,4,14,2325,16,1135,208,392
hsa-miR-1307-5p,61,2,8,36,13,2,4,2,11,49,3,3,0,3,4,2,6,3,48,8,0,7,0,1,0,0,1,81,1,0,0,0,0,0,0,0,0,74,0,3,9,1
hsa-miR-130a-3p,71,13,2,46,10,9,21,14,18,66,0,11,0,10,13,2,8,12,18,6,21,9,0,0,0,0,0,111,0,2,1,0,0,0,1,0,1,79,2,32,1,14
hsa-miR-130b-3p,9,0,6,12,4,0,10,6,5,18,8,3,0,0,4,2,1,1,5,3,0,3,0,0,0,0,0,18,0,0,1,1,0,0,0,1,0,6,0,1,0,5
hsa-miR-130b-5p,127,10,9,297,97,70,72,65,84,372,3,17,3,55,56,55,7,55,145,67,53,39,0,3,5,2,19,347,28,0,17,14,0,3,1,0,0,272,0,47,3,7
hsa-miR-132-3p,24,0,0,12,0,4,2,1,2,35,0,1,0,0,0,4,4,2,10,1,3,1,0,0,0,0,0,42,0,2,3,3,0,0,0,0,0,24,0,2,0,6
hsa-miR-132-5p,11,0,2,0,2,1,0,0,2,14,0,1,0,0,0,1,1,2,5,1,0,3,1,1,0,0,1,9,0,0,0,0,0,0,9,0,0,14,0,0,4,0
hsa-miR-133a-3p,39,0,0,0,2,2,1,1,0,32,0,3,0,0,2,0,0,0,60,3,24,1,0,0,0,0,0,17,0,0,0,0,0,1,0,0,0,34,0,0,0,15
hsa-miR-133b,2,0,0,0,0,0,0,0,0,2,0,1,0,0,0,0,0,1,1,0,0,0,0,0,0,0,0,0,0,0,0,0,0,0,0,0,0,0,0,0,0,0
hsa-miR-1343-3p,9,0,0,0,6,0,2,0,1,4,0,0,0,1,0,0,0,0,1,1,5,0,0,0,0,0,0,12,4,0,9,3,0,0,0,0,0,2,0,2,0,0
hsa-miR-134-3p,0,0,0,0,4,0,0,0,0,3,0,0,0,0,0,0,0,0,4,0,0,0,0,0,0,0,0,0,0,0,0,0,0,0,0,0,0,0,0,0,0,0
hsa-miR-134-5p,741,73,44,413,380,500,203,158,296,2179,148,65,44,215,334,173,21,202,2275,120,60,81,0,5,29,3,175,590,125,25,287,44,39,2,7,0,0,3551,3,379,229,143
hsa-miR-135a-3p,3,0,0,1,0,0,4,1,0,9,0,0,0,0,0,1,0,1,0,1,0,0,0,0,0,0,0,3,0,0,3,0,0,0,0,0,0,1,0,0,0,0
hsa-miR-135a-5p,1,0,0,0,0,0,0,1,0,1,0,0,0,0,0,0,0,0,0,0,0,3,0,0,0,0,0,0,0,0,0,0,0,0,0,0,0,0,0,0,0,0
hsa-miR-136-3p,13,0,0,0,2,4,5,0,2,44,0,0,1,0,4,4,2,8,6,1,13,0,0,0,0,0,0,38,0,0,0,0,0,0,0,0,0,37,0,0,16,0
hsa-miR-136-5p,20,8,0,0,10,6,4,1,12,53,0,1,0,2,4,2,3,12,7,0,0,2,0,0,0,0,1,40,4,0,0,0,0,0,0,0,0,78,0,0,11,0
hsa-miR-137,0,0,0,0,0,0,0,0,0,0,0,0,0,0,0,0,0,0,0,0,0,0,0,0,0,0,0,0,0,0,0,0,0,0,0,0,0,0,0,0,0,0
hsa-miR-138-1-3p,0,0,0,0,0,0,0,0,0,0,0,0,0,0,0,0,0,0,0,0,0,0,0,0,0,0,0,0,0,0,0,0,0,0,0,0,0,0,0,0,0,0
hsa-miR-138-5p,0,0,0,0,0,0,2,0,0,0,0,0,0,0,0,0,0,0,0,0,0,0,0,0,0,0,0,2,0,0,0,0,0,0,0,0,0,0,0,0,0,0
hsa-miR-139-3p,180,50,65,377,189,117,119,68,171,941,7,23,25,41,117,77,29,137,441,119,221,78,2,6,50,1,62,787,87,8,95,47,22,4,1,4,5,592,2,240,47,64
hsa-miR-139-5p,503,26,109,602,182,61,102,78,116,2820,5,43,8,35,140,93,37,196,538,138,191,97,2,3,9,1,28,1690,46,4,83,23,9,8,3,0,2,1144,3,201,10,87
hsa-miR-1-3p,15,0,2,1,1,42,2,29,17,84,0,1,0,2,3,9,8,7,42,1,0,62,1,2,0,0,0,28,1,0,0,0,0,2,0,0,0,36,1,5,0,4
hsa-miR-140-3p,8458,648,847,4778,944,886,1229,705,913,12957,38,398,82,572,478,688,700,1035,4831,718,2091,2736,32,91,51,6,125,9640,105,15,389,53,50,37,27,10,29,6433,9,1189,208,1022
hsa-miR-140-5p,149,10,18,78,27,12,32,11,27,167,0,6,0,3,8,9,22,14,49,8,17,61,0,0,0,0,1,203,0,0,0,0,0,3,1,0,0,105,0,16,0,1
hsa-miR-141-3p,1,0,0,0,2,0,0,6,0,0,0,0,0,0,0,0,0,0,0,0,1,0,0,0,0,0,0,0,0,0,0,0,0,0,0,0,0,0,0,0,0,0
hsa-miR-142-3p,154,1,3,16,16,6,15,8,19,190,0,4,0,6,15,30,14,18,44,10,5,33,0,0,0,0,4,254,2,1,18,0,0,0,1,0,0,170,0,15,4,1
hsa-miR-142-5p,312,41,72,193,59,25,59,33,47,363,7,51,8,16,20,44,51,69,98,39,381,305,7,21,2,0,13,569,1,4,0,7,1,1,4,3,0,471,0,30,17,63
hsa-miR-143-3p,2362,44,187,1879,640,223,235,437,471,2663,42,113,10,318,337,312,147,382,1600,152,684,1003,22,26,42,4,162,986,130,25,54,14,16,14,25,0,9,2516,15,427,82,278
hsa-miR-143-5p,13,0,4,0,4,1,3,0,3,10,0,0,0,2,0,1,0,1,6,2,20,0,0,0,0,0,0,0,0,0,0,0,0,0,0,0,0,4,0,3,1,0
hsa-miR-144-3p,54,29,24,15,164,45,29,24,61,73,6,14,2,13,27,56,166,77,32,32,287,615,7,18,9,0,8,51,5,0,1,21,4,3,1,2,0,58,0,67,19,34
hsa-miR-144-5p,1,0,3,0,19,2,8,1,0,5,0,0,0,1,4,7,3,13,0,1,17,37,3,3,0,0,0,14,0,0,0,0,0,0,0,0,0,2,0,5,1,1
hsa-miR-145-3p,12,0,1,2,0,0,1,3,2,12,0,0,0,0,0,0,1,1,2,0,16,11,1,0,0,0,0,7,0,0,0,0,1,0,0,0,0,8,0,4,0,5
hsa-miR-145-5p,11,0,0,0,0,0,0,0,0,15,0,1,0,0,0,0,0,1,2,0,0,0,0,0,0,0,0,5,0,0,2,0,0,0,0,0,0,1,0,0,0,0
hsa-miR-1468-5p,10,1,4,5,6,4,0,1,0,12,0,2,0,4,1,3,5,5,3,1,23,6,0,0,0,0,0,7,7,0,1,0,0,0,0,0,0,8,0,7,0,4
hsa-miR-146a-3p,0,0,0,49,0,0,0,0,2,0,0,0,1,0,0,4,0,0,0,0,0,0,0,0,0,0,0,0,0,0,0,1,0,0,0,0,0,25,0,0,0,0
hsa-miR-146a-5p,7825,64,153,3507,712,454,716,395,557,8907,75,168,49,259,331,335,97,503,3237,349,196,268,2,7,67,1,118,9059,131,16,162,69,30,11,3,5,0,2994,9,520,141,264
hsa-miR-146b-3p,32,6,1,2,1,1,0,0,3,42,0,0,0,0,0,5,0,5,22,0,4,0,0,0,0,0,0,15,0,0,1,0,0,0,0,0,0,16,0,11,0,0
hsa-miR-146b-5p,5885,91,271,3400,592,425,570,508,1008,10410,30,91,56,232,407,300,102,486,3064,309,711,909,6,10,16,4,88,9745,188,15,218,36,13,30,8,4,10,4542,7,706,66,323
hsa-miR-147b,0,0,0,0,0,0,0,0,0,0,0,0,0,0,0,0,0,1,0,0,0,7,0,0,0,0,0,0,0,0,0,0,0,0,0,0,0,1,0,0,0,0
hsa-miR-148a-3p,1341,162,584,1212,346,214,366,161,353,2554,19,162,40,109,280,360,243,342,1076,222,3379,870,15,32,24,2,52,6530,68,6,103,22,4,7,30,12,17,4835,8,388,121,409
hsa-miR-148a-5p,48,3,0,72,8,9,12,8,8,65,0,2,3,6,2,8,0,21,83,9,0,13,0,2,0,0,3,130,0,0,1,3,0,0,0,0,0,115,0,13,2,9
hsa-miR-148b-3p,266,19,68,119,70,23,47,35,71,478,8,23,3,29,53,51,34,49,105,48,117,184,3,6,3,1,5,529,11,2,52,9,3,2,4,7,2,294,1,66,24,54
hsa-miR-148b-5p,11,0,2,4,5,0,0,0,2,12,0,0,0,0,2,0,6,0,4,2,16,3,0,0,0,0,2,8,0,0,0,0,0,0,0,0,1,12,0,0,3,0
hsa-miR-149-5p,0,0,0,0,0,0,3,0,0,0,0,0,0,0,0,0,0,0,0,0,0,0,0,0,0,0,0,2,0,0,0,0,0,0,0,0,0,1,0,0,0,0
hsa-miR-150-3p,34,18,13,0,12,7,5,5,5,45,1,20,8,5,1,5,3,14,23,4,45,11,0,1,0,0,1,21,3,0,4,1,0,0,0,0,0,4,0,22,5,30
hsa-miR-150-5p,2545,38,180,267,136,99,178,44,70,7046,9,87,11,44,34,57,58,140,807,108,267,104,3,13,12,2,11,1097,34,1,14,11,20,2,2,1,2,233,1,155,17,198
hsa-miR-151a-3p,13428,254,276,8970,1313,1227,1342,1038,1197,22720,97,258,87,644,834,1373,365,1598,5995,1115,2500,701,21,35,34,7,170,17502,165,26,484,101,50,35,17,13,22,13342,4,1228,328,884
hsa-miR-151a-5p,964,4,17,331,187,66,100,139,85,1641,6,15,4,68,137,147,15,162,309,74,26,17,1,3,11,1,25,1127,26,14,93,15,17,5,0,2,3,676,1,125,6,28
hsa-miR-151b,235,0,7,56,33,14,33,16,9,224,0,4,1,10,4,5,1,10,88,21,22,6,0,0,2,0,3,65,4,0,3,0,0,0,1,0,0,13,0,28,3,7
hsa-miR-152-3p,90,3,2,97,30,6,27,9,23,105,0,5,0,8,12,8,3,14,45,8,17,11,0,2,0,0,2,163,0,0,14,0,1,0,0,0,0,91,0,3,1,3
hsa-miR-152-5p,2,0,0,0,0,0,0,1,0,0,0,0,0,0,0,0,0,0,1,0,0,0,0,0,0,0,0,15,0,0,0,0,0,0,0,0,0,0,0,0,0,0
hsa-miR-1538,0,0,0,8,0,0,0,0,3,2,0,0,4,0,0,0,0,0,1,0,0,0,0,0,0,0,0,0,0,0,0,0,0,0,0,0,0,1,0,0,0,0
hsa-miR-154-3p,0,0,0,0,0,0,0,0,0,1,0,0,0,0,0,0,0,0,5,0,0,0,0,0,0,0,0,0,0,0,0,0,0,0,0,0,0,0,0,0,0,0
hsa-miR-154-5p,2,0,0,0,0,1,0,0,0,2,0,1,0,0,4,0,0,0,0,0,0,0,0,0,0,0,0,2,0,0,0,0,0,0,0,0,0,2,0,0,0,0
hsa-miR-155-5p,117,0,5,45,14,4,12,22,23,259,0,0,0,13,14,26,5,6,39,16,33,8,2,2,0,0,7,191,8,0,22,1,24,4,0,0,0,67,2,6,1,3
hsa-miR-15a-5p,5,0,1,0,10,0,2,9,0,28,0,0,1,0,1,8,6,8,5,1,21,31,1,0,0,0,0,5,0,0,0,0,1,0,0,0,3,16,0,6,1,0
hsa-miR-15b-3p,39,2,9,35,11,7,5,11,1,48,0,3,1,2,2,5,12,5,15,1,22,16,1,0,0,0,0,98,5,0,0,2,2,1,0,0,0,48,0,0,3,2
hsa-miR-15b-5p,30,0,5,11,7,0,10,2,2,63,0,6,0,4,2,3,7,4,7,13,15,24,0,2,4,0,1,29,0,1,0,1,0,0,0,0,0,18,0,4,11,0
hsa-miR-16-1-3p,0,0,0,0,0,0,0,0,0,0,0,0,0,0,0,0,0,0,0,0,0,0,0,0,0,0,0,0,0,0,0,0,0,0,0,0,0,3,0,0,0,0
hsa-miR-16-2-3p,761,192,347,547,533,408,444,186,246,1021,23,189,48,156,121,330,756,469,383,417,1245,2607,34,141,69,8,52,2043,46,18,53,38,29,21,113,26,77,1348,7,311,220,287
hsa-miR-16-5p,342,36,43,149,66,73,56,33,64,563,2,63,6,28,23,69,177,110,140,59,442,420,3,19,12,1,3,479,20,2,23,26,6,3,22,5,2,242,0,51,21,47
hsa-miR-17-3p,2,0,0,0,0,0,7,0,0,11,0,0,0,0,0,0,0,0,0,0,0,1,0,0,0,0,0,6,0,0,0,0,0,0,0,0,0,0,0,5,0,0
hsa-miR-17-5p,160,14,12,69,55,10,36,16,28,280,0,8,1,10,26,44,14,54,69,16,65,134,1,2,15,0,12,231,8,5,11,0,1,1,0,0,0,102,1,52,2,15
hsa-miR-181a-2-3p,131,12,12,109,57,12,28,37,40,324,1,8,11,6,33,43,21,54,98,27,49,42,0,4,2,0,11,195,19,3,37,1,0,1,1,0,7,91,0,30,10,13
hsa-miR-181a-3p,46,0,0,54,3,0,3,9,3,37,0,0,0,0,3,0,0,0,7,1,5,4,0,0,0,0,0,16,0,0,0,0,0,0,0,0,0,35,0,0,6,0
hsa-miR-181a-5p,2709,74,283,1793,414,303,467,380,393,3029,19,96,21,209,289,261,158,249,825,270,435,381,7,33,42,3,69,1666,10,4,72,40,9,9,13,3,6,2169,4,372,65,203
hsa-miR-181b-3p,0,0,0,0,0,0,0,0,0,0,0,0,0,0,0,0,0,0,0,0,0,0,0,1,0,0,0,2,0,0,0,0,0,0,0,0,0,1,0,0,0,0
hsa-miR-181b-5p,208,12,33,219,81,25,26,46,43,276,3,18,3,14,18,16,9,15,97,11,20,18,0,1,0,1,11,204,0,1,12,6,0,0,0,3,1,216,0,55,3,32
hsa-miR-181c-3p,22,0,0,67,1,0,1,1,9,31,1,0,0,0,1,3,0,2,26,4,10,1,0,0,0,0,0,36,0,0,0,0,0,0,0,0,0,27,0,2,0,1
hsa-miR-181c-5p,10,0,0,5,4,1,8,0,0,17,1,0,0,1,0,0,0,0,17,2,0,0,0,1,0,0,0,45,0,0,0,0,0,0,0,0,0,9,0,0,0,0
hsa-miR-181d-5p,45,0,7,54,22,15,20,20,9,87,1,0,0,6,1,1,13,0,28,5,2,14,0,0,0,0,1,119,2,0,11,0,0,1,0,0,0,36,0,23,1,0
hsa-miR-182-5p,123,1,7,76,19,19,8,24,37,199,0,4,0,11,8,27,37,31,23,16,229,84,2,2,0,0,1,119,17,0,2,4,0,0,3,0,2,62,0,12,1,21
hsa-miR-1827,0,0,0,0,0,0,0,0,0,0,0,0,0,0,0,1,0,0,1,0,3,2,0,0,0,0,0,0,0,0,0,0,0,0,0,0,0,0,0,0,0,0
hsa-miR-183-3p,0,0,0,0,0,0,0,0,1,0,0,0,0,0,0,3,0,0,0,0,0,4,0,0,0,0,0,0,0,0,0,2,0,0,0,0,0,0,0,0,0,0
hsa-miR-183-5p,29,10,61,30,102,25,83,118,113,133,2,32,4,65,36,190,325,159,63,147,707,546,8,14,20,1,28,107,5,1,12,6,12,6,8,6,9,33,3,41,11,72
hsa-miR-184,1,0,5,5,6,9,12,21,15,8,0,2,0,15,3,11,24,18,0,8,39,25,1,1,0,0,10,0,0,0,5,6,0,1,0,1,0,4,2,10,9,9
hsa-miR-185-3p,138,3,4,63,12,9,23,10,17,138,1,7,0,8,8,33,11,30,69,9,54,22,1,0,0,0,11,84,4,0,7,0,0,0,5,0,0,86,0,4,7,5
hsa-miR-185-5p,1889,569,632,614,743,1041,876,268,491,1613,106,228,67,176,270,902,774,937,1544,420,2588,5785,41,98,19,8,28,1660,30,9,113,71,31,15,41,20,60,1297,10,721,364,613
hsa-miR-186-5p,786,51,85,368,148,84,164,50,116,921,7,52,7,77,60,94,170,225,341,140,374,726,11,15,0,0,7,1095,18,1,25,9,14,4,8,2,23,528,1,103,19,118
hsa-miR-187-3p,2,0,0,0,0,0,0,0,0,0,0,2,0,0,0,0,0,0,4,0,0,0,0,0,0,0,0,0,0,0,0,0,0,0,0,0,0,0,0,0,0,0
hsa-miR-188-5p,0,4,0,0,0,1,0,0,0,2,0,0,1,0,0,0,0,0,0,0,0,3,0,0,0,0,0,0,0,0,0,0,0,0,0,0,0,0,0,0,0,0
hsa-miR-18a-3p,12,2,0,13,6,4,5,5,6,38,0,0,0,2,3,3,10,6,10,1,21,18,0,3,0,0,0,5,0,0,0,0,0,0,0,0,1,8,0,8,0,0
hsa-miR-18a-5p,37,11,12,33,5,12,7,2,12,73,0,1,0,3,6,4,7,13,28,5,7,22,0,0,0,0,0,62,2,0,0,0,0,0,0,0,0,35,0,4,0,0
hsa-miR-18b-3p,0,0,0,0,0,0,0,2,1,1,0,0,0,0,0,0,0,0,0,2,0,0,0,0,0,0,0,0,0,0,0,0,0,0,1,0,0,0,0,5,0,0
hsa-miR-18b-5p,0,0,5,1,0,0,0,1,0,0,0,0,0,0,0,1,0,0,0,0,0,1,0,0,0,0,0,4,0,0,0,0,0,0,0,0,0,0,0,0,0,0
hsa-miR-1908-5p,38,11,10,67,11,3,8,3,6,41,0,3,2,1,6,6,9,7,44,1,25,5,0,0,0,0,5,28,3,0,11,3,6,3,0,0,0,52,1,13,4,6
hsa-miR-190a-5p,3,0,0,0,0,0,0,2,0,1,0,0,0,0,0,0,0,0,0,0,0,2,0,0,0,0,0,4,0,0,4,0,0,0,0,0,0,0,0,0,0,0
hsa-miR-190b,0,0,0,1,1,0,0,1,0,5,0,0,0,0,0,2,3,0,0,1,2,11,0,0,0,0,0,11,0,0,0,0,0,0,0,0,0,6,0,0,0,0
hsa-miR-191-3p,23,1,0,10,10,1,1,0,4,44,0,2,0,2,1,4,0,2,38,4,0,2,0,0,0,0,0,33,0,0,0,0,0,0,0,0,0,24,0,0,5,16
hsa-miR-1914-5p,0,0,0,0,4,0,0,0,0,2,0,0,0,0,0,1,0,1,0,0,0,0,0,0,6,0,0,0,0,0,0,1,0,0,0,0,0,0,0,11,0,0
hsa-miR-191-5p,21197,284,308,9649,2494,1687,2213,1143,1617,34550,101,307,132,1030,1092,1411,581,1951,10091,1613,1195,1286,15,53,154,11,317,20125,225,29,666,167,128,51,20,20,29,13574,23,2615,196,376
hsa-miR-192-5p,433,151,600,291,471,206,315,154,703,587,37,140,28,123,138,167,225,479,277,194,908,1665,18,46,32,4,41,643,39,1,4,10,20,8,20,3,17,511,9,359,94,470
hsa-miR-193a-3p,0,0,0,0,0,0,0,0,0,0,0,0,0,0,0,0,0,0,0,0,0,0,0,0,0,0,0,0,0,0,0,0,0,0,0,0,0,0,0,0,0,0
hsa-miR-193a-5p,45,42,289,31,97,32,55,20,58,48,4,20,19,22,29,45,20,95,55,23,160,87,3,3,4,0,2,23,12,11,17,18,1,0,10,7,6,50,0,143,44,122
hsa-miR-193b-3p,1,1,0,0,0,0,0,0,0,5,0,0,0,0,0,1,0,0,0,0,0,0,0,0,0,0,0,1,0,0,0,0,0,0,0,0,0,0,0,0,0,11
hsa-miR-193b-5p,5,11,85,0,15,0,10,4,21,2,1,0,10,3,5,3,1,9,4,6,17,14,1,0,4,0,3,3,1,8,0,5,13,0,1,0,0,8,0,35,13,51
hsa-miR-194-3p,2,0,0,0,0,0,0,0,0,1,0,0,0,0,0,0,0,0,0,0,0,0,0,0,0,0,0,0,2,0,0,0,0,0,0,0,0,0,0,6,0,0
hsa-miR-194-5p,7,1,20,0,5,2,0,0,11,18,0,1,0,0,0,1,13,7,5,3,116,12,0,0,0,0,4,12,0,0,0,0,0,0,0,0,0,13,0,0,2,4
hsa-miR-195-3p,3,0,10,0,2,4,0,1,0,5,0,0,0,0,0,0,0,1,1,0,9,3,0,0,0,0,0,11,0,0,0,0,0,0,1,0,0,0,3,5,0,3
hsa-miR-195-5p,0,0,1,0,0,0,0,1,0,1,0,1,0,1,0,0,1,8,0,0,6,2,0,1,0,0,0,2,0,0,0,0,0,0,0,0,0,0,0,0,3,1
hsa-miR-196a-5p,0,0,0,0,0,0,0,0,0,0,0,0,0,0,0,0,0,0,0,0,0,0,0,0,0,0,0,0,0,0,1,0,0,0,0,0,0,0,0,0,0,0
hsa-miR-196b-5p,9,0,1,15,0,0,3,1,0,4,0,0,0,0,0,5,1,3,3,0,0,14,0,0,0,0,0,5,0,0,8,0,0,0,3,0,0,1,0,0,0,0
hsa-miR-197-3p,81,15,9,94,33,69,26,22,35,272,0,9,0,20,10,18,5,29,58,12,85,25,1,2,9,1,38,84,26,3,39,19,1,1,2,0,2,70,0,65,0,31
hsa-miR-197-5p,3,0,0,0,0,0,0,2,2,1,0,0,0,0,0,0,0,0,3,0,0,0,0,0,0,0,0,0,1,0,5,0,4,0,0,0,0,0,0,0,0,0
hsa-miR-1976,1,1,2,0,0,2,0,0,3,2,0,0,0,1,0,0,0,1,0,0,5,8,0,0,0,0,0,1,0,0,0,0,0,0,0,0,0,1,0,0,0,9
hsa-miR-199a-3p,395,6,7,171,41,28,21,21,66,978,11,8,2,23,76,41,19,24,247,23,20,37,0,3,0,0,23,436,21,3,22,5,2,4,0,0,0,360,6,37,7,25
hsa-miR-199a-5p,1281,21,6,638,128,81,111,38,57,1798,7,12,4,41,88,62,3,53,729,43,16,35,1,0,15,0,4,1352,4,0,19,9,0,2,0,0,2,1001,0,74,22,11
hsa-miR-199b-3p,185,1,7,180,56,25,19,7,6,136,5,5,0,10,4,17,6,39,44,23,25,14,1,0,0,0,44,210,6,0,12,0,2,1,0,0,0,277,0,22,5,17
hsa-miR-199b-5p,16,0,0,16,1,0,0,1,1,17,0,0,0,0,0,0,0,6,6,0,0,0,0,0,0,0,0,4,0,0,0,0,2,1,0,0,0,11,0,0,0,0
hsa-miR-19a-3p,76,15,39,105,35,14,25,9,19,121,1,16,0,9,15,15,24,28,56,11,5,187,0,3,0,0,2,212,5,0,0,1,1,0,1,3,7,91,0,29,10,13
hsa-miR-19b-3p,298,46,58,95,91,88,69,31,59,371,3,42,8,34,45,49,63,57,164,38,131,454,3,3,1,1,12,557,4,0,0,2,3,2,2,0,0,270,0,47,24,110
hsa-miR-200a-3p,2,0,6,0,0,1,0,0,2,9,0,0,0,0,0,0,3,7,10,1,16,9,0,0,0,0,0,30,0,0,0,0,0,0,0,0,0,16,0,0,4,1
hsa-miR-200a-5p,2,0,2,12,0,0,0,0,3,0,0,0,0,0,1,0,0,3,0,0,0,5,0,0,0,0,0,2,0,0,0,0,0,0,0,0,0,2,0,0,0,0
hsa-miR-200b-3p,41,0,0,15,1,0,0,4,8,38,0,4,0,5,1,9,3,8,11,7,6,5,0,0,0,0,1,38,2,0,5,0,6,0,0,0,0,14,0,8,0,0
hsa-miR-200b-5p,1,0,0,0,0,0,0,1,0,1,0,0,0,0,0,0,0,0,1,0,0,0,0,0,0,0,0,8,0,0,0,0,0,0,0,0,0,0,0,0,0,0
hsa-miR-200c-3p,127,0,6,49,8,20,14,16,12,140,0,10,0,11,8,12,8,24,24,12,4,11,0,0,0,0,0,66,2,0,6,4,0,0,2,1,0,33,0,1,0,22
hsa-miR-202-3p,0,0,0,0,0,0,0,0,0,0,0,0,0,0,0,0,2,3,0,0,0,0,0,0,0,0,0,0,1,0,0,0,0,0,0,0,0,0,0,0,0,13
hsa-miR-203a-3p,1,0,1,3,1,0,2,0,0,0,0,1,0,0,0,0,0,0,0,0,0,1,0,0,0,0,0,0,0,0,0,0,0,0,0,0,0,0,0,1,0,0
hsa-miR-203b-5p,1,0,1,8,0,0,0,2,0,0,0,4,0,0,0,0,0,1,1,0,1,4,0,2,7,0,0,2,0,0,0,0,0,0,0,0,0,0,0,0,0,0
hsa-miR-204-3p,1,0,6,0,5,7,0,1,2,2,0,2,0,1,0,3,0,7,1,1,11,8,0,0,0,0,0,1,0,0,0,2,0,0,0,0,0,3,0,3,4,15
hsa-miR-204-5p,1,0,2,0,1,0,2,1,3,5,0,3,0,7,0,0,0,7,0,2,4,16,0,0,0,0,1,4,0,0,0,3,0,0,0,0,0,17,0,7,0,0
hsa-miR-205-5p,0,0,12,0,2,0,0,1,1,5,0,1,0,3,4,0,2,6,3,1,0,3,0,0,0,0,0,2,0,0,0,0,0,0,0,0,0,0,0,2,0,4
hsa-miR-206,3,2,2,5,6,28,9,27,12,4,5,28,3,2,20,12,94,13,7,8,25,55,3,1,5,1,0,8,0,1,1,1,8,0,0,0,0,0,0,51,0,46
hsa-miR-20a-5p,648,58,87,367,124,144,118,75,120,769,4,64,1,56,115,138,174,246,225,97,310,796,5,10,7,2,56,1078,37,1,29,9,11,3,10,4,14,473,4,93,7,103
hsa-miR-20b-5p,9,7,11,3,19,4,13,3,13,38,0,6,0,8,5,9,10,31,4,9,69,52,0,1,0,0,0,40,2,0,0,0,0,1,0,0,0,22,0,12,2,31
hsa-miR-210-3p,34,1,10,51,12,9,11,3,9,44,6,10,0,0,9,4,16,12,40,6,58,5,0,0,0,1,0,56,0,1,28,1,0,1,0,0,0,77,1,12,1,36
hsa-miR-210-5p,0,0,0,0,0,0,0,0,0,0,0,0,0,0,0,0,0,0,0,0,0,0,0,0,0,0,0,0,0,0,0,0,0,0,0,0,0,0,0,0,0,0
hsa-miR-2110,115,23,38,165,52,121,105,40,65,217,13,42,20,53,20,67,41,89,137,69,226,102,2,5,2,0,23,155,23,2,63,13,0,4,6,3,7,134,0,90,36,74
hsa-miR-2115-3p,3,0,8,0,0,0,0,0,0,0,0,0,0,0,0,0,0,0,0,0,0,0,0,0,0,0,0,0,0,0,0,0,0,0,0,0,0,0,0,0,0,0
hsa-miR-2115-5p,0,0,0,0,0,0,0,0,0,1,0,0,0,0,0,0,0,3,0,0,0,0,0,0,0,0,0,0,0,0,0,0,0,0,0,0,0,2,0,0,0,0
hsa-miR-211-5p,0,0,0,0,0,0,0,0,0,1,0,0,0,0,0,0,0,0,2,0,0,0,0,0,0,0,0,0,0,0,0,3,0,0,0,0,0,0,0,0,0,0
hsa-miR-2116-3p,0,0,0,0,0,0,3,0,0,0,0,0,0,0,0,0,0,0,0,0,0,0,0,0,0,0,0,0,0,0,0,0,2,2,0,0,0,0,0,0,0,0
hsa-miR-212-5p,1,0,0,0,1,0,0,0,0,4,1,0,0,0,0,0,0,0,1,0,0,0,0,0,0,0,0,11,0,0,0,0,0,0,0,0,0,1,0,0,0,0
hsa-miR-21-3p,29,1,1,35,11,2,1,2,1,29,0,0,0,3,1,2,0,0,23,1,6,0,0,1,0,0,0,33,0,0,0,0,0,0,0,0,0,30,0,1,3,0
hsa-miR-214-3p,3,0,0,1,0,0,2,2,1,21,0,0,0,0,1,0,0,1,8,1,0,4,0,0,3,0,0,12,1,0,0,0,0,0,0,0,0,18,0,0,0,0
hsa-miR-214-5p,2,1,1,30,0,1,2,1,5,12,1,0,0,2,1,0,0,4,0,0,0,0,0,0,0,0,0,15,0,0,3,0,0,0,0,0,0,4,0,5,0,0
hsa-miR-215-5p,10,17,23,2,5,2,3,10,40,11,2,8,5,2,0,1,9,23,3,3,63,61,0,0,2,0,2,9,0,1,0,0,1,0,0,1,0,11,0,19,7,21
hsa-miR-21-5p,43167,615,1436,30388,9719,5640,5427,5927,8372,67342,306,1330,221,5297,6713,8064,1480,8532,10767,4863,3439,4733,68,144,721,105,2018,75694,1666,280,2313,1104,650,288,104,52,40,54844,162,8989,792,2235
hsa-miR-216b-5p,0,0,5,0,1,0,3,0,0,0,0,0,0,1,0,0,0,0,0,0,0,1,0,0,0,0,0,0,0,0,0,0,0,0,0,0,0,0,0,8,0,0
hsa-miR-217,0,0,0,0,0,0,0,0,0,0,0,0,0,0,0,0,0,0,0,0,0,0,0,0,0,0,0,0,0,0,0,0,0,0,0,0,0,0,0,0,9,0
hsa-miR-218-5p,0,0,0,12,0,0,12,0,0,0,0,2,0,0,0,0,0,0,0,1,0,3,0,0,0,0,0,4,0,0,0,0,0,0,0,0,0,11,0,4,0,0
hsa-miR-219a-1-3p,1,4,0,0,2,0,1,0,2,9,0,0,0,1,1,1,0,0,3,2,2,2,0,1,0,0,0,11,0,0,1,0,0,0,0,0,0,1,0,0,0,4
hsa-miR-219a-2-3p,4,0,0,0,0,0,0,0,0,0,0,0,0,0,0,0,0,0,0,0,0,0,0,0,0,0,0,0,0,0,0,0,0,0,0,0,0,4,0,0,0,0
hsa-miR-221-3p,1717,30,39,677,104,77,154,109,104,2464,19,25,23,64,61,112,35,96,936,114,157,79,1,5,29,2,25,1736,49,7,138,11,5,9,6,1,3,1301,0,115,30,48
hsa-miR-221-5p,63,0,2,0,8,5,4,10,17,113,0,0,0,8,4,7,1,11,9,6,0,17,0,0,0,2,4,45,0,0,1,2,3,0,0,0,0,81,0,20,5,18
hsa-miR-222-3p,1061,28,59,1182,181,244,254,435,533,4332,7,55,5,279,298,335,41,530,628,220,335,90,3,4,69,1,81,830,137,21,414,34,25,9,8,1,6,1706,3,273,31,127
hsa-miR-222-5p,1,0,0,0,0,0,0,0,0,1,0,0,0,0,0,0,0,0,0,0,0,0,0,0,0,0,0,0,0,0,0,0,0,0,0,0,0,1,0,0,0,0
hsa-miR-223-3p,747,11,17,417,65,20,65,40,41,1316,3,15,0,53,73,40,5,58,242,42,71,27,1,1,5,0,5,875,8,1,8,7,8,1,2,0,0,509,2,52,3,17
hsa-miR-223-5p,617,8,25,264,66,31,23,43,68,699,5,15,4,30,25,71,17,60,314,39,240,122,1,3,0,0,25,921,47,1,41,9,0,1,1,0,3,983,1,90,10,58
hsa-miR-22-3p,16752,1601,3128,10983,4150,2836,4252,1523,2223,17210,680,1581,539,1104,2062,2403,1985,2703,14659,2044,6982,8349,62,257,184,25,379,22270,227,60,688,216,113,58,125,47,104,15690,23,3187,2146,3587
hsa-miR-224-3p,1,0,0,0,0,0,0,0,0,0,0,0,0,0,0,0,0,0,0,1,0,0,0,0,0,0,0,0,0,0,0,0,0,0,0,0,0,0,0,0,0,0
hsa-miR-224-5p,827,6,26,344,227,180,139,121,322,1442,9,17,4,276,201,239,23,130,509,115,51,75,1,1,68,2,68,639,132,11,108,26,8,7,4,0,1,493,7,310,5,66
hsa-miR-22-5p,72,12,30,38,16,10,29,11,14,89,4,15,6,10,8,6,14,20,77,13,25,59,1,2,0,0,7,140,10,8,25,1,0,2,7,0,0,141,0,22,9,25
hsa-miR-2277-5p,2,0,0,0,0,0,0,0,0,2,0,0,0,0,0,0,0,1,4,0,0,0,0,0,0,0,0,4,0,0,0,0,0,0,0,0,0,2,0,0,0,0
hsa-miR-2278,0,0,0,0,0,0,0,3,0,0,0,0,0,0,0,0,0,0,0,0,0,0,0,0,0,0,0,2,0,4,0,0,0,0,0,0,0,2,0,0,0,0
hsa-miR-2355-3p,46,1,0,38,7,4,6,0,3,52,0,0,0,2,0,1,0,0,25,0,0,0,0,0,0,0,3,59,0,0,0,0,0,0,0,0,0,52,0,1,0,0
hsa-miR-2355-5p,1,0,0,11,0,0,0,0,0,2,0,0,0,0,0,0,0,0,0,0,0,0,0,0,0,0,0,0,0,0,0,0,0,0,0,0,0,2,0,0,0,0
hsa-miR-23a-3p,996,2,26,471,70,21,69,35,20,1934,7,24,3,12,28,29,18,43,210,39,23,47,1,0,2,0,42,945,4,0,30,4,2,0,686,1,0,772,0,60,5,13
hsa-miR-23a-5p,5,0,2,3,8,0,0,3,2,13,0,0,0,0,0,10,2,0,16,3,0,0,0,0,1,0,1,8,3,0,2,0,0,0,0,0,0,16,0,1,7,0
hsa-miR-23b-3p,65,0,3,9,3,0,8,6,4,195,0,1,0,1,7,5,0,6,4,3,2,8,0,1,0,1,3837,61,8,1,25,4,0,0,2,0,0,68,8,1,0,0
hsa-miR-23b-5p,5,0,0,7,4,6,6,2,3,22,0,0,0,1,0,6,0,1,5,1,0,4,0,1,0,0,0,18,12,0,5,0,0,0,0,0,0,9,0,1,0,5
hsa-miR-24-1-5p,0,0,0,0,0,0,0,0,0,0,0,0,0,0,0,0,0,0,0,1,0,0,0,0,0,0,0,0,0,0,0,0,0,0,0,0,0,1,0,0,0,0
hsa-miR-24-2-5p,108,2,4,48,13,5,15,10,4,76,2,9,0,4,5,11,7,12,12,10,2,11,0,0,0,2,0,114,3,0,1,0,1,0,4,1,0,76,0,3,2,13
hsa-miR-24-3p,11946,454,644,7325,2243,1817,1977,654,1820,5304,22,387,31,783,235,1710,273,2171,1151,1074,1338,381,16,11,29,4,533,4219,263,16,681,228,35,60,22,17,20,3035,33,864,383,806
hsa-miR-25-3p,1223,189,408,623,310,301,412,213,293,1937,18,171,25,150,118,425,511,615,476,353,1674,1958,17,107,25,7,55,1298,47,19,81,36,20,9,70,26,52,966,3,307,97,471
hsa-miR-25-5p,4,15,18,0,0,6,3,2,3,12,0,6,0,11,5,8,22,7,6,8,13,26,1,2,0,0,5,6,2,0,3,6,0,0,0,0,0,8,0,2,1,16
hsa-miR-2682-5p,0,0,0,0,0,0,0,0,0,0,0,0,0,0,0,0,0,0,0,0,0,0,0,0,0,0,0,0,0,0,0,0,0,0,0,0,0,0,0,0,0,0
hsa-miR-26a-2-3p,0,0,0,0,0,0,0,0,0,0,0,0,0,0,3,0,0,0,0,1,0,0,0,0,0,0,0,3,0,0,0,2,0,0,0,0,0,2,0,0,0,0
hsa-miR-26a-5p,16946,234,469,14984,3801,1887,2585,2582,3644,35494,100,408,76,1759,2437,2865,560,3225,8279,2468,1604,1712,34,53,245,24,754,43983,631,138,932,328,193,88,28,24,16,19249,43,3269,248,725
hsa-miR-26b-3p,19,0,3,23,5,0,5,2,3,36,0,1,0,10,6,5,5,8,7,10,21,6,0,0,0,0,2,56,2,0,1,0,0,0,0,0,0,31,0,3,0,0
hsa-miR-26b-5p,658,17,93,542,344,122,161,182,226,1470,10,49,5,115,107,173,262,344,272,215,524,1410,15,51,63,1,54,1330,46,19,21,23,8,8,18,17,13,779,5,182,42,96
hsa-miR-27a-3p,723,45,181,441,136,54,118,75,86,877,5,72,4,87,78,154,159,242,370,76,313,535,7,42,25,1,29,1005,11,3,17,14,11,4,7,2,4,482,1,161,35,187
hsa-miR-27a-5p,12,0,4,8,0,0,2,0,1,8,0,0,0,0,4,0,0,3,1,0,0,1,0,0,0,0,0,8,0,0,0,0,0,0,0,0,0,5,0,0,1,0
hsa-miR-27b-3p,932,46,176,616,146,78,145,83,134,1141,8,29,10,33,69,118,71,164,374,80,324,325,4,20,5,3,40,1145,21,1,67,19,4,11,8,11,3,819,3,158,24,124
hsa-miR-27b-5p,8,0,0,0,0,7,3,0,0,13,0,0,0,1,0,0,0,1,0,0,0,0,0,0,0,0,0,19,2,0,0,0,0,0,0,0,0,5,0,7,0,0
hsa-miR-28-3p,2279,27,44,1621,179,144,234,170,149,3534,8,50,21,64,99,143,27,159,1328,145,123,122,1,5,6,1,28,2920,27,6,135,18,13,3,0,0,2,2204,5,221,29,99
hsa-miR-28-5p,487,4,1,313,62,35,65,31,46,537,3,12,5,24,21,49,7,68,157,25,26,3,0,0,4,3,15,477,3,0,16,0,0,0,0,0,0,300,0,56,5,2
hsa-miR-296-3p,1,0,0,0,3,0,0,0,0,1,0,0,0,0,0,0,0,0,0,0,0,0,0,0,0,0,0,0,0,0,0,0,0,0,0,0,0,1,0,1,0,0
hsa-miR-296-5p,2,0,0,10,0,0,5,0,0,6,0,0,0,2,4,0,0,0,5,0,3,0,0,1,0,0,0,0,0,0,0,0,0,0,0,0,0,0,0,0,0,0
hsa-miR-299-3p,3,0,0,1,0,0,0,0,0,3,0,0,0,0,0,0,0,0,0,0,0,0,0,0,0,0,0,0,0,0,0,0,0,0,0,0,0,0,0,0,0,0
hsa-miR-299-5p,0,0,0,3,0,0,0,0,0,4,0,0,0,0,0,0,0,0,0,0,0,0,0,0,0,0,0,2,0,0,0,0,0,0,0,0,0,0,0,0,0,0
hsa-miR-29a-3p,334,2,38,137,47,14,68,32,25,358,0,13,2,9,20,21,23,40,98,14,93,66,1,5,0,1,4,310,2,0,7,0,0,1,0,1,1,118,0,38,3,36
hsa-miR-29b-1-5p,0,0,0,0,0,0,0,0,0,0,0,0,0,0,0,0,0,0,0,0,0,0,0,0,0,0,0,0,0,0,0,0,0,0,0,0,0,0,0,0,0,0
hsa-miR-29b-2-5p,3,0,0,0,0,0,2,0,0,5,0,0,0,0,0,0,0,0,4,0,0,2,0,0,0,0,0,3,0,0,0,0,0,0,0,0,0,2,0,0,0,0
hsa-miR-29b-3p,27,1,0,8,4,0,1,0,7,16,0,0,0,1,4,3,0,12,0,0,10,26,0,0,0,0,0,31,1,0,0,0,0,0,0,0,0,11,1,6,0,5
hsa-miR-29c-3p,7,1,7,0,2,0,0,4,2,15,0,1,0,0,2,0,1,2,0,2,20,3,0,0,0,2,0,0,0,0,0,0,0,0,0,0,0,6,0,0,0,8
hsa-miR-29c-5p,4,0,0,5,3,1,0,0,0,7,0,0,0,1,3,2,0,4,2,0,0,3,0,0,0,0,0,11,0,0,0,0,0,0,0,0,0,12,0,0,0,0
hsa-miR-301a-3p,0,0,0,0,0,0,1,0,1,6,0,0,0,0,0,0,0,1,2,0,0,0,0,0,0,0,0,1,0,0,0,0,0,0,0,0,0,6,0,0,0,0
hsa-miR-301a-5p,1,0,0,9,0,0,0,1,0,3,0,0,0,0,3,0,0,0,0,1,0,0,0,0,0,0,0,5,0,0,0,0,0,0,0,0,0,1,0,0,0,0
hsa-miR-301b-3p,2,0,0,0,1,0,0,0,0,3,0,0,0,0,0,1,0,0,2,0,0,0,0,0,0,0,0,3,0,0,0,0,0,0,0,0,0,0,0,0,0,0
hsa-miR-3064-5p,7,0,0,5,1,0,6,1,1,11,0,0,1,0,0,1,0,4,7,2,5,0,1,0,0,0,0,5,1,0,6,0,0,0,0,0,0,11,0,2,0,0
hsa-miR-3065-3p,16,0,1,32,6,0,2,0,3,42,0,0,0,3,6,0,2,2,18,3,11,3,0,0,0,0,2,26,2,2,0,0,0,0,0,0,0,8,0,3,0,0
hsa-miR-3065-5p,6,0,0,0,0,0,0,0,0,5,0,0,0,0,2,0,0,0,0,0,0,0,0,0,0,0,0,4,0,0,0,0,0,0,0,0,0,6,0,0,0,0
hsa-miR-3074-3p,2,0,0,0,0,0,0,0,0,2,0,0,0,0,0,0,0,1,0,0,0,0,0,0,0,0,0,1,0,0,0,0,0,0,0,0,0,6,0,4,0,0
hsa-miR-3074-5p,5342,79,100,4931,185,211,264,592,124,16020,80,82,94,137,945,171,243,384,6914,147,249,1149,0,48,151,17,41,14585,13,48,25,14,89,2,36,2,6,9125,6,1102,26,360
hsa-miR-30a-3p,10,1,12,1,3,0,0,1,7,14,0,7,0,0,0,3,0,13,2,1,2,11,0,0,0,0,4,18,2,0,0,0,0,0,0,0,0,3,0,1,0,30
hsa-miR-30a-5p,367,66,144,315,140,76,122,53,142,776,7,35,5,57,111,106,68,141,216,51,313,399,3,10,10,7,28,701,17,2,31,4,2,1,4,1,10,262,1,150,16,287
hsa-miR-30b-3p,2,0,0,0,5,0,0,0,0,3,0,0,0,0,0,0,0,1,0,1,0,0,0,0,0,0,0,1,0,0,0,1,0,0,0,0,0,3,0,0,0,0
hsa-miR-30b-5p,184,0,1,42,2,1,2,10,1,172,0,1,0,6,7,8,1,1,7,16,0,6,0,0,1,0,0,109,0,0,0,0,0,0,0,0,0,94,0,2,0,0
hsa-miR-30c-1-3p,2,0,0,13,0,0,0,7,0,4,0,0,0,0,0,0,0,4,0,1,0,0,0,0,0,0,0,2,0,0,0,0,0,0,0,0,0,1,0,0,0,0
hsa-miR-30c-2-3p,1,0,0,0,0,0,0,0,1,0,0,0,0,0,1,0,0,0,1,0,0,3,0,0,0,0,0,2,0,0,0,0,0,0,0,0,0,1,0,2,0,0
hsa-miR-30c-5p,550,1,14,127,57,12,61,50,37,1383,4,13,0,11,21,52,24,94,65,37,71,51,2,0,0,0,14,601,2,0,43,1,8,1,0,0,2,321,0,43,8,40
hsa-miR-30d-3p,7,0,0,0,0,0,3,0,0,7,0,0,0,0,0,0,0,0,0,1,0,0,0,0,0,0,0,14,1,0,0,0,0,0,0,0,0,5,0,0,0,0
hsa-miR-30d-5p,24457,1247,1616,29446,7455,7622,7826,5529,6539,72567,234,1415,307,5984,5988,5907,2234,7401,20330,6463,7048,6946,101,177,645,43,1442,46595,1535,246,2630,567,295,284,125,37,149,23700,72,8619,584,3090
hsa-miR-30e-3p,117,4,3,51,11,23,10,16,29,186,1,6,1,4,6,16,4,23,42,18,33,14,0,0,1,1,0,318,10,0,13,8,2,0,0,0,0,235,0,22,1,1
hsa-miR-30e-5p,2806,185,338,1934,707,486,650,367,586,4025,25,227,27,310,411,439,470,541,1686,311,1468,2445,22,36,39,6,57,5723,31,10,68,32,42,20,27,6,49,2558,6,748,93,456
hsa-miR-3117-3p,0,0,0,0,0,0,0,0,0,0,0,0,0,0,0,0,0,0,0,0,0,0,0,0,0,0,0,0,0,0,0,0,0,0,0,0,0,0,0,0,0,0
hsa-miR-3120-3p,6,0,0,35,3,0,2,0,5,4,0,0,0,1,1,4,0,0,8,0,0,4,0,0,0,0,0,11,0,0,1,0,0,0,0,0,0,11,0,5,0,0
hsa-miR-3120-5p,5,0,0,0,4,0,4,3,1,11,0,0,0,0,5,2,0,5,6,3,0,0,0,0,0,0,0,2,1,0,1,0,1,0,0,0,0,10,0,4,0,0
hsa-miR-3124-5p,1,0,0,4,0,0,0,0,0,1,0,0,0,0,0,0,0,0,0,0,0,0,0,0,0,0,0,2,0,0,0,0,0,0,0,0,0,0,0,0,0,1
hsa-miR-3127-3p,1,0,0,0,4,2,0,0,0,5,0,0,0,0,0,0,0,0,0,0,0,5,0,0,0,0,0,2,0,0,4,0,0,0,0,0,0,6,0,0,0,0
hsa-miR-3127-5p,6,3,0,0,0,2,0,0,3,6,0,0,0,0,0,0,0,0,3,0,0,3,0,0,0,0,0,4,0,0,2,1,0,0,0,0,0,1,0,1,6,0
hsa-miR-3129-3p,0,0,0,0,0,0,0,0,0,0,0,0,0,0,0,0,0,0,0,0,0,0,0,0,0,0,0,0,0,0,0,0,0,0,0,0,0,0,0,0,0,0
hsa-miR-3130-5p,0,0,0,0,0,0,0,0,0,1,0,0,0,0,0,0,0,0,1,0,0,0,0,0,0,0,0,0,0,0,0,0,0,0,0,0,0,4,0,0,0,0
hsa-miR-3135a,5,0,0,0,0,0,1,5,2,1,0,0,0,0,0,0,0,0,0,0,0,0,0,0,0,0,0,3,0,0,0,0,0,0,0,0,0,1,0,1,0,0
hsa-miR-3135b,0,1,1,0,0,1,0,0,0,0,0,1,0,0,0,0,0,0,0,0,0,3,0,0,0,0,0,0,0,0,0,0,0,0,0,0,0,0,0,0,0,0
hsa-miR-3138,4,0,0,8,6,2,1,6,8,11,0,2,2,2,2,1,4,2,14,5,0,2,0,0,0,0,8,20,1,5,8,6,0,1,0,0,0,17,0,6,2,2
hsa-miR-31-3p,0,0,0,0,0,0,0,0,0,0,0,0,0,0,0,0,0,0,0,0,0,0,0,0,0,0,0,0,0,0,0,0,0,0,0,0,0,0,0,0,0,0
hsa-miR-3140-3p,1,0,0,0,0,0,1,0,0,0,0,0,0,0,0,0,0,1,1,0,0,0,0,0,0,0,0,0,0,0,0,0,0,0,0,0,0,3,0,1,0,0
hsa-miR-3143,0,0,0,0,1,0,0,0,0,0,0,0,0,0,0,0,0,0,0,1,0,0,0,0,0,0,0,2,0,0,0,0,0,0,0,0,0,3,0,0,0,0
hsa-miR-3146,3,0,0,0,0,0,0,0,0,4,0,0,0,0,0,0,0,0,0,0,0,0,0,0,0,0,0,0,0,0,0,0,0,0,0,0,0,0,0,0,0,0
hsa-miR-3150a-5p,0,2,0,0,2,0,0,1,4,3,0,0,0,2,1,1,0,1,4,0,0,0,0,0,0,0,0,2,2,0,1,0,0,0,1,0,0,5,0,4,0,0
hsa-miR-3150b-3p,4,1,1,7,3,2,1,0,0,6,0,0,0,0,1,0,0,2,1,0,0,3,0,0,0,0,3,0,0,1,0,0,0,0,1,0,0,2,0,2,0,0
hsa-miR-3155b,2,0,2,0,0,0,0,0,1,3,0,0,0,0,1,0,2,0,0,0,3,0,0,0,0,0,0,1,0,0,0,0,0,0,0,0,0,0,0,0,0,0
hsa-miR-3157-3p,0,0,0,0,0,0,0,0,0,0,0,0,0,0,0,0,1,1,6,0,0,0,0,1,0,0,0,0,0,0,0,0,0,0,0,0,0,0,0,0,0,0
hsa-miR-3158-3p,61,21,28,4,45,27,88,13,9,92,0,8,7,2,0,9,49,28,22,43,175,56,0,11,1,0,4,27,0,0,0,0,0,0,0,1,0,45,1,15,15,53
hsa-miR-3158-5p,59,32,9,11,4,6,14,15,40,28,10,0,5,7,8,34,14,53,51,6,22,157,2,1,5,0,1,34,2,0,0,4,0,1,9,1,0,65,0,5,7,28
hsa-miR-3159,10,0,2,6,2,0,1,4,2,3,1,0,0,0,1,0,0,1,8,0,9,3,0,0,7,0,0,6,0,0,0,0,0,0,0,0,0,13,0,0,0,0
hsa-miR-31-5p,0,0,0,0,0,0,0,0,0,3,0,0,0,0,0,0,0,0,0,0,0,0,0,0,0,0,0,2,0,0,0,0,0,0,0,0,0,0,0,0,0,0
hsa-miR-3161,0,0,0,0,0,0,0,0,0,8,0,0,0,0,0,0,0,0,0,0,0,0,0,0,0,0,0,7,0,0,0,0,0,0,0,0,0,0,0,0,0,0
hsa-miR-3163,0,0,0,0,0,0,0,1,0,2,0,0,0,0,0,0,0,5,0,0,0,5,0,0,0,0,0,0,0,0,0,0,0,0,0,0,0,0,0,0,0,0
hsa-miR-3164,7,0,0,0,0,0,2,2,0,3,0,0,0,0,0,0,6,4,2,3,6,9,0,0,0,0,0,0,0,0,0,0,0,0,0,0,0,5,0,0,0,0
hsa-miR-3168,10,98,53,1,7,129,27,62,5,5,10,30,47,10,9,18,70,13,10,35,1,12,0,0,9,1,12,1,36,8,1,72,64,48,14,27,6,1,47,29,25,1
hsa-miR-3169,0,0,11,0,0,2,2,3,9,0,0,4,0,1,0,0,0,1,0,0,10,1,0,1,0,0,1,0,0,0,0,0,1,0,0,0,1,0,2,5,0,1
hsa-miR-3173-5p,1,0,2,8,1,0,1,2,4,1,0,0,0,2,0,1,0,4,0,5,19,10,0,2,0,0,1,0,2,0,0,0,0,1,3,0,0,2,0,6,1,0
hsa-miR-3174,0,0,0,0,0,0,0,3,1,3,0,0,0,0,0,0,0,0,0,0,0,0,0,0,1,0,0,2,0,0,0,0,0,0,0,0,0,0,0,0,0,0
hsa-miR-3176,3,0,0,0,0,0,0,0,0,1,0,0,0,0,0,0,0,0,1,0,0,0,0,0,0,0,0,0,0,0,0,0,0,0,0,0,0,2,0,0,0,0
hsa-miR-3177-3p,52,4,7,115,14,11,17,3,2,82,0,5,0,3,12,8,7,4,43,5,23,5,1,0,0,0,7,47,5,0,1,0,0,0,0,0,0,56,0,19,2,5
hsa-miR-3179,0,0,0,0,1,0,0,0,0,0,0,0,0,1,0,0,0,3,0,1,0,3,0,0,0,0,1,3,0,0,0,0,0,0,0,0,0,0,0,0,0,0
hsa-miR-3180,8,8,3,11,6,3,0,7,1,1,0,1,0,0,2,0,2,0,6,0,0,1,0,0,0,0,0,8,0,5,0,0,0,0,0,0,0,3,0,11,1,1
hsa-miR-3180-3p,0,0,2,11,0,2,0,1,0,2,0,0,0,0,2,0,1,0,13,0,0,0,0,0,0,0,0,3,0,0,0,0,0,0,0,0,0,5,0,0,0,1
hsa-miR-3180-5p,11,8,0,0,6,1,0,6,1,3,0,0,0,0,0,0,0,0,5,0,0,1,0,0,0,0,0,12,0,5,0,0,0,0,0,0,0,5,0,11,1,0
hsa-miR-3182,0,0,0,0,0,0,1,0,0,0,0,0,0,0,0,0,0,0,0,0,0,0,0,0,0,0,0,0,0,0,0,1,0,0,0,0,0,0,0,0,0,0
hsa-miR-3184-3p,7727,1793,3562,5307,3625,4229,7134,1981,3925,17485,475,1215,2276,1518,1211,4754,2481,2219,9042,4200,9467,8926,96,268,824,22,734,17094,1533,184,1357,1194,374,151,462,90,313,11992,67,3962,649,2796
hsa-miR-3184-5p,1150,320,222,1656,455,532,390,503,682,4580,36,121,57,203,646,563,100,871,1934,322,897,343,9,26,78,4,119,2416,294,12,622,56,86,14,32,10,24,1193,15,864,103,335
hsa-miR-3187-3p,4,4,3,5,1,2,1,3,0,10,0,2,2,2,1,0,4,5,0,2,8,5,0,2,0,0,2,5,0,0,0,0,0,1,0,0,1,1,0,6,0,2
hsa-miR-3187-5p,1,0,0,0,0,0,0,0,0,1,0,0,0,0,0,0,0,0,1,0,0,0,0,0,0,0,0,1,0,0,0,2,0,0,0,0,0,0,0,0,0,0
hsa-miR-3188,10,0,0,20,4,0,0,0,3,30,0,0,0,0,0,0,0,0,1,3,0,0,0,0,0,0,0,6,0,0,1,0,0,1,0,0,0,7,0,0,0,0
hsa-miR-3190-3p,5,0,0,0,0,0,1,0,3,3,0,0,0,0,0,1,0,1,3,0,0,1,0,0,0,0,0,10,0,2,0,2,0,0,0,0,0,4,0,3,0,1
hsa-miR-3190-5p,11,0,0,7,0,7,0,2,0,9,0,0,0,2,3,0,2,1,13,1,2,0,0,0,0,0,1,11,0,0,2,0,0,0,0,0,0,19,0,1,1,0
hsa-miR-3191-3p,9,0,1,23,3,2,1,1,0,17,0,0,2,1,2,2,0,2,6,2,15,0,0,0,0,0,0,9,0,0,0,2,0,0,0,0,0,6,0,0,6,0
hsa-miR-3191-5p,6,0,0,0,1,0,1,0,0,7,0,0,0,1,0,2,1,1,5,0,0,0,0,0,0,0,0,3,0,0,0,0,0,0,0,0,0,15,0,3,0,4
hsa-miR-3195,0,0,0,0,0,0,0,0,0,0,0,0,0,0,0,0,0,0,0,0,0,0,0,0,0,0,0,0,0,0,0,0,0,0,0,1,1,0,0,0,0,0
hsa-miR-3196,0,0,1,2,0,0,0,1,0,0,0,0,0,0,0,0,0,1,0,0,0,2,0,0,0,0,0,0,0,0,0,0,0,0,0,0,0,1,0,0,1,0
hsa-miR-3198,5,2,0,4,0,0,0,0,0,7,0,0,0,1,0,0,0,0,3,0,0,0,0,0,0,0,0,1,1,0,2,0,0,0,0,0,0,4,0,5,0,0
hsa-miR-3199,0,5,0,0,2,0,0,0,3,0,0,0,0,0,0,0,0,0,2,0,0,1,0,0,0,0,0,0,0,0,0,0,0,0,0,0,0,0,0,0,0,0
hsa-miR-320a,9436,6002,7943,4188,4933,8105,4656,2318,3563,16109,701,2241,842,1487,1702,5004,2425,5605,11131,1742,5250,18049,85,224,218,50,809,10256,721,156,3386,588,367,75,139,55,117,7333,51,6741,2341,6160
hsa-miR-320b,528,193,580,188,217,401,297,119,196,504,37,132,87,105,68,177,110,270,530,138,367,1040,8,16,4,0,33,408,22,6,113,51,23,5,3,4,4,275,3,225,160,476
hsa-miR-320c,107,90,110,46,24,145,15,46,13,154,23,40,40,20,17,39,20,102,115,19,126,150,1,0,5,1,24,55,2,3,36,25,6,1,1,1,1,123,0,103,107,51
hsa-miR-320d,33,69,17,6,28,9,14,1,13,64,10,2,2,2,2,1,3,8,10,10,19,6,0,1,0,0,0,60,1,3,0,1,1,0,0,0,0,34,0,22,3,21
hsa-miR-320e,3,0,0,0,0,0,1,1,0,1,0,1,0,1,0,0,0,0,0,0,0,0,0,0,0,0,0,0,0,0,0,0,0,0,0,0,0,0,0,0,0,1
hsa-miR-323a-3p,15,1,0,21,6,33,16,10,25,134,0,3,0,8,17,8,3,3,43,11,2,0,0,0,0,0,5,47,3,0,7,2,0,0,0,0,0,55,0,3,2,5
hsa-miR-323a-5p,1,0,0,0,3,6,1,0,7,6,0,2,2,0,1,5,0,4,6,0,0,0,0,0,0,0,0,4,0,0,0,2,0,0,0,0,0,2,1,1,0,1
hsa-miR-323b-3p,25,0,1,40,27,43,6,14,55,186,1,1,0,26,35,11,5,25,72,17,8,8,0,1,0,1,23,41,13,4,2,0,2,1,0,0,0,152,0,16,8,11
hsa-miR-32-3p,2,0,0,0,0,0,0,2,0,0,0,0,0,0,2,0,0,3,1,0,0,0,0,0,0,0,0,0,0,0,0,0,0,0,0,0,0,1,0,0,0,0
hsa-miR-324-3p,14,1,0,20,4,2,11,6,8,32,0,4,1,1,4,3,2,5,27,2,13,2,3,2,0,0,4,33,9,0,5,0,0,0,0,0,0,23,0,0,0,7
hsa-miR-324-5p,61,0,0,2,12,0,1,1,0,33,0,0,0,0,0,0,6,5,12,5,4,15,0,0,0,0,0,20,0,0,0,0,1,0,0,0,0,15,0,5,0,0
hsa-miR-32-5p,39,0,6,21,7,0,8,3,6,47,1,0,0,4,9,10,6,7,5,1,15,31,0,0,0,0,0,87,0,0,0,1,0,0,0,0,0,41,0,1,0,2
hsa-miR-326,358,7,6,53,15,5,28,6,8,270,1,2,7,5,5,10,0,2,211,5,19,3,0,0,0,0,0,193,7,1,3,0,0,0,0,1,0,146,0,10,5,2
hsa-miR-328-3p,480,76,37,535,332,276,286,170,247,1052,14,34,19,166,229,204,50,211,490,158,76,80,3,7,42,0,136,890,136,11,207,48,7,19,7,1,8,595,12,289,47,101
hsa-miR-329-3p,7,0,0,0,1,3,4,2,0,67,0,0,1,2,1,3,0,2,24,2,0,0,0,0,0,0,3,12,0,0,0,0,0,0,0,0,0,20,0,0,0,0
hsa-miR-329-5p,7,0,0,0,2,0,0,1,0,5,0,0,0,0,0,0,0,1,0,0,0,0,0,0,0,0,0,1,10,0,0,0,0,0,0,0,0,0,0,0,0,0
hsa-miR-330-3p,601,35,22,536,130,201,184,97,130,1230,3,16,10,76,80,90,18,115,543,68,68,37,1,2,20,0,12,880,24,5,69,26,9,3,0,1,2,557,4,154,6,20
hsa-miR-330-5p,47,3,0,11,2,0,4,2,8,37,3,0,2,1,4,3,2,2,32,2,3,5,0,2,0,0,4,24,0,0,0,0,0,0,0,0,0,33,0,2,0,4
hsa-miR-331-3p,14,0,0,13,4,2,0,3,2,31,0,0,0,0,1,5,0,2,15,0,1,1,0,0,0,0,1,22,0,1,0,0,0,0,0,0,0,22,0,2,0,0
hsa-miR-331-5p,1,0,0,1,0,0,1,0,0,7,0,0,0,0,1,4,3,0,0,0,0,0,0,1,0,0,0,1,0,0,0,0,0,0,0,0,0,6,0,0,0,0
hsa-miR-335-3p,36,1,8,195,14,8,20,15,28,627,1,8,1,4,24,13,0,14,85,19,1,3,0,0,2,0,3,410,15,0,23,0,0,0,0,0,0,255,0,30,1,2
hsa-miR-335-5p,14,0,0,0,3,7,3,0,0,38,0,0,1,2,3,5,0,6,13,1,0,5,0,0,1,1,0,38,0,0,0,0,0,0,0,0,0,17,0,0,0,0
hsa-miR-337-3p,3,1,1,18,2,0,0,0,0,25,0,0,1,0,0,0,0,0,4,0,8,0,0,0,0,0,0,3,0,0,0,0,0,0,0,0,0,5,0,0,0,0
hsa-miR-337-5p,0,0,0,0,0,0,0,0,0,4,0,0,0,0,0,0,0,0,0,0,0,0,0,0,0,0,0,1,0,0,0,0,0,0,0,0,0,1,0,0,0,0
hsa-miR-338-3p,2,0,0,0,0,0,0,0,0,3,0,0,0,0,0,0,0,0,0,0,0,0,0,0,0,0,0,5,0,0,0,0,0,0,0,0,0,0,0,0,0,0
hsa-miR-338-5p,8,0,0,23,0,0,0,2,5,49,0,0,1,1,2,4,1,0,22,4,11,38,0,1,0,0,3,17,2,0,1,0,0,0,0,0,0,20,0,12,0,2
hsa-miR-339-3p,159,10,3,81,20,16,16,0,15,186,9,4,2,4,6,13,1,20,105,8,40,20,0,0,0,0,1,94,1,0,4,0,0,0,0,0,0,70,2,23,10,20
hsa-miR-339-5p,646,18,6,262,49,39,28,24,34,940,1,14,3,18,15,56,27,62,240,45,7,6,0,0,1,0,6,501,13,0,37,0,3,2,6,0,0,325,2,67,9,4
hsa-miR-33a-5p,7,0,0,0,0,0,0,0,0,1,0,0,0,0,1,0,0,1,1,1,0,0,0,0,0,0,0,6,0,0,0,0,0,0,0,0,0,5,0,0,0,0
hsa-miR-340-3p,120,3,7,129,15,4,24,31,35,353,1,1,1,20,14,36,11,46,10,31,27,28,1,3,0,0,10,281,22,0,17,14,12,1,1,1,0,136,0,15,2,1
hsa-miR-340-5p,472,5,19,339,80,74,67,73,102,479,2,19,0,46,62,33,15,59,144,34,79,165,1,1,0,1,10,893,6,0,12,4,11,2,0,6,0,531,0,70,9,69
hsa-miR-342-3p,78,10,3,79,7,6,13,3,2,233,2,2,0,9,6,2,0,2,46,2,27,5,1,0,0,0,0,132,0,0,0,0,0,0,0,0,0,60,0,8,0,25
hsa-miR-342-5p,387,27,73,201,120,54,113,58,85,843,4,43,16,51,32,93,48,121,197,72,192,122,2,7,11,0,88,283,42,12,61,24,38,3,13,1,18,183,3,133,14,114
hsa-miR-345-5p,116,4,13,65,24,14,24,8,16,141,0,5,1,8,3,4,1,11,55,1,40,13,1,5,0,0,4,152,0,0,3,0,0,0,0,1,3,83,0,11,4,14
hsa-miR-34a-5p,1,0,0,0,0,0,0,0,2,1,0,0,0,0,0,0,0,0,0,0,0,0,0,0,0,0,0,0,0,0,0,0,0,0,0,0,0,0,0,0,0,0
hsa-miR-34b-3p,0,0,0,0,0,0,0,0,0,0,0,0,0,0,0,0,0,0,0,0,0,0,0,0,0,0,0,0,0,0,0,0,0,0,0,0,0,0,0,0,0,0
hsa-miR-34b-5p,0,0,0,0,0,0,0,0,0,0,0,0,0,0,0,0,0,0,0,0,0,0,0,0,0,0,0,0,0,0,0,0,0,0,0,0,0,0,0,0,0,0
hsa-miR-34c-3p,0,0,0,0,0,0,0,0,0,0,0,0,0,0,0,0,0,0,0,0,0,0,0,0,0,0,0,0,0,0,0,0,0,0,0,0,0,0,0,0,0,0
hsa-miR-34c-5p,0,0,0,0,0,0,0,0,0,0,0,0,0,0,0,0,0,0,0,0,0,0,0,0,0,0,0,0,0,0,0,0,0,0,0,0,0,0,0,0,0,0
hsa-miR-3529-3p,18,9,16,42,13,8,14,12,10,19,3,14,1,2,1,51,15,5,39,3,47,44,0,1,0,0,8,112,0,2,6,4,0,0,0,0,1,57,0,11,1,2
hsa-miR-3591-3p,967,327,59464,569,5455,3047,6728,759,29839,2608,959,707,2599,896,771,1945,10583,16810,1348,2085,33916,60241,113,510,549,136,1727,8370,3407,790,236,1224,898,103,1411,264,288,11755,28,6190,2080,14635
hsa-miR-3605-3p,0,2,6,0,4,1,9,4,8,5,0,0,0,3,2,6,0,7,3,8,4,6,0,2,0,1,0,4,5,0,42,2,0,0,0,0,1,2,0,3,2,1
hsa-miR-3605-5p,2,0,4,0,6,2,4,2,1,4,0,1,1,3,0,4,0,5,12,1,8,14,0,0,0,0,0,2,0,0,2,0,0,0,0,0,0,3,0,0,0,2
hsa-miR-3607-3p,0,0,0,0,0,0,0,0,0,0,0,0,0,0,0,0,0,0,0,0,0,0,0,0,0,0,0,4,0,0,0,0,0,0,0,0,0,0,0,0,0,0
hsa-miR-3607-5p,5,0,0,0,0,0,0,0,0,13,0,0,0,0,0,0,0,0,0,0,0,0,0,0,0,0,0,0,0,0,0,0,0,0,0,0,0,0,0,0,0,0
hsa-miR-3611,0,0,0,0,0,0,0,0,0,0,0,0,0,0,2,0,0,4,0,0,0,0,0,0,0,0,0,0,0,0,0,0,0,0,0,0,0,2,0,0,0,0
hsa-miR-3613-3p,0,0,0,4,0,0,0,0,0,5,0,0,0,0,0,0,0,0,1,3,0,0,0,0,0,0,0,5,0,0,0,0,0,0,0,0,0,0,0,1,0,0
hsa-miR-3613-5p,6,2,0,21,0,3,2,0,0,14,0,0,0,1,3,4,0,2,1,2,3,10,0,0,0,0,2,20,2,0,7,0,0,1,0,0,0,3,0,0,0,0
hsa-miR-361-3p,828,27,49,950,170,99,190,62,107,1578,9,23,13,88,97,70,15,115,612,76,77,105,1,0,16,1,19,1060,11,1,32,11,7,1,3,0,0,920,0,158,24,43
hsa-miR-3614-5p,0,3,4,0,0,0,2,1,1,2,0,0,0,0,0,0,4,3,0,0,6,0,0,0,0,0,0,4,0,0,0,0,0,0,0,0,0,0,0,0,0,0
hsa-miR-3615,465,395,474,317,247,230,302,101,156,756,14,171,65,106,165,192,233,201,567,159,962,525,7,50,35,1,69,592,82,12,105,21,7,8,33,7,39,405,5,384,84,598
hsa-miR-361-5p,46,0,4,33,8,3,7,5,10,124,0,5,1,0,8,6,1,16,12,7,23,2,1,0,0,1,2,62,0,0,0,0,0,0,0,1,0,33,0,18,0,6
hsa-miR-3617-5p,4,0,0,0,0,0,0,1,0,13,0,0,0,0,0,0,0,0,4,2,0,2,0,0,0,0,0,3,0,0,0,0,0,0,0,0,0,0,0,0,0,0
hsa-miR-3620-3p,0,0,0,0,0,0,0,0,0,1,0,0,0,0,0,0,0,0,2,1,0,0,0,0,0,0,0,0,0,0,0,0,0,0,0,0,0,3,0,0,0,0
hsa-miR-3620-5p,0,0,0,0,6,0,0,0,0,0,0,0,0,0,0,0,0,0,0,0,0,0,0,0,0,0,0,0,0,0,0,0,0,0,0,0,0,0,0,1,0,1
hsa-miR-362-5p,11,0,0,4,3,0,2,0,0,10,0,1,0,0,0,6,0,0,0,0,0,1,0,0,0,0,0,2,0,0,0,0,0,0,0,0,0,10,0,7,0,0
hsa-miR-363-3p,230,4,53,27,126,8,51,34,42,282,5,37,4,13,18,43,57,93,94,40,242,300,4,5,1,1,4,253,9,2,2,4,1,0,8,1,1,161,0,53,12,61
hsa-miR-363-5p,1,0,2,0,1,3,2,4,1,6,0,1,0,0,0,6,2,0,0,0,0,15,0,5,0,0,0,2,0,0,0,0,0,0,0,0,0,4,0,0,0,0
hsa-miR-3648,0,0,0,0,0,0,0,0,0,0,1,0,0,0,0,0,0,0,0,0,7,1,0,0,0,0,0,0,0,0,0,0,0,0,0,0,0,1,0,0,0,0
hsa-miR-3651,0,0,0,0,0,0,0,0,0,0,0,0,0,0,0,0,0,0,0,0,0,0,0,0,0,0,0,0,0,0,0,0,0,0,0,0,0,0,0,0,0,0
hsa-miR-3653-3p,0,0,0,0,0,0,0,0,0,0,0,1,0,0,0,0,0,3,5,0,0,0,0,0,0,0,0,2,0,0,0,0,0,0,0,0,0,0,0,0,0,0
hsa-miR-3653-5p,1,0,0,0,4,0,0,0,3,66,0,6,0,0,0,0,0,0,0,0,0,0,0,0,0,0,0,1,0,0,0,0,0,0,0,0,0,9,161,0,0,0
hsa-miR-3656,4,7,3,6,4,4,8,1,4,5,8,2,5,2,5,4,8,2,15,0,13,18,0,1,14,0,10,13,7,3,5,0,3,0,1,3,6,4,2,6,3,6
hsa-miR-365a-3p,0,0,0,0,0,0,0,0,0,0,0,0,0,0,0,0,0,0,0,0,0,0,0,0,0,0,0,0,0,0,0,0,0,0,0,0,0,0,0,0,0,0
hsa-miR-365a-5p,0,0,0,0,0,0,3,0,0,0,0,0,0,1,3,0,0,0,0,0,0,0,0,0,0,0,0,0,1,0,0,0,0,0,0,1,0,0,0,3,0,0
hsa-miR-365b-3p,0,0,2,0,0,0,0,0,0,0,0,0,0,0,0,1,0,0,0,0,0,0,0,0,0,0,0,0,0,0,0,0,0,0,0,0,0,0,0,0,0,0
hsa-miR-365b-5p,1,0,4,0,0,0,0,0,4,2,0,1,0,0,0,0,0,2,0,0,0,0,0,0,0,0,0,1,0,0,0,0,0,0,0,0,0,0,0,0,0,0
hsa-miR-3661,1,0,0,0,0,0,0,0,0,3,0,2,0,0,0,0,1,0,3,0,0,0,0,0,0,0,0,0,0,0,0,0,0,0,0,0,0,2,0,0,0,0
hsa-miR-3665,7,11,6,10,23,6,4,2,9,1,10,6,7,1,4,2,5,1,9,1,21,14,1,2,4,0,0,10,1,0,0,2,0,0,1,1,0,9,0,12,24,15
hsa-miR-3678-3p,0,0,0,0,0,2,4,0,3,12,0,0,0,0,0,0,0,0,0,1,0,0,0,0,0,0,0,3,0,0,2,1,0,0,0,0,0,6,0,0,3,0
hsa-miR-3678-5p,0,0,0,0,0,0,1,2,0,8,0,0,0,0,0,0,0,0,1,1,0,0,0,0,0,0,0,6,0,0,0,0,0,0,0,0,0,2,0,0,2,0
hsa-miR-3679-5p,6,0,0,2,0,0,1,3,0,6,0,1,0,0,0,0,0,0,0,3,0,4,0,0,0,0,0,6,0,0,1,0,0,0,0,0,0,6,0,5,0,0
hsa-miR-3682-3p,0,0,0,0,0,0,0,0,0,0,0,0,0,0,0,0,0,0,5,0,0,2,0,0,0,0,0,0,0,0,0,0,0,0,0,0,0,0,0,0,0,0
hsa-miR-3685,2,0,0,0,0,0,0,0,0,0,0,0,0,0,0,1,0,0,0,1,0,0,0,0,0,0,0,11,0,0,0,0,0,0,0,0,0,0,0,0,0,0
hsa-miR-3687,0,0,0,0,2,0,0,0,0,0,0,0,0,0,0,0,0,0,0,0,0,0,0,0,0,0,0,1,0,0,0,0,2,0,0,0,0,0,0,0,0,0
hsa-miR-3690,1,0,0,0,0,3,0,0,0,5,0,0,2,0,0,0,0,1,0,1,0,0,0,0,0,0,0,3,0,0,0,0,0,0,0,0,0,1,0,0,0,0
hsa-miR-3691-5p,4,6,7,15,0,0,6,0,0,4,0,2,1,0,3,0,0,1,2,0,10,3,0,0,0,0,0,4,0,0,0,0,3,0,0,0,0,2,0,2,0,8
hsa-miR-369-3p,0,0,0,3,0,2,0,0,0,18,0,0,0,1,0,0,0,0,0,4,0,0,0,0,0,0,0,2,0,0,0,0,0,0,0,0,0,10,0,0,0,2
hsa-miR-369-5p,37,0,0,68,8,19,2,4,12,164,0,0,0,6,16,3,2,2,49,7,1,2,0,0,0,0,3,47,4,0,0,2,0,0,0,0,0,147,0,11,0,9
hsa-miR-370-3p,860,27,29,558,288,486,206,221,420,3663,26,29,11,83,289,285,53,219,1021,232,34,68,1,1,6,3,34,1277,98,4,118,23,18,4,1,0,1,2295,3,59,159,61
hsa-miR-370-5p,1,0,0,0,0,0,0,0,0,7,0,0,0,0,0,0,0,0,0,0,0,0,0,0,0,0,0,0,0,0,0,0,0,0,0,0,0,0,0,0,0,0
hsa-miR-374a-3p,0,0,0,0,2,0,0,0,0,5,0,0,0,0,0,0,3,3,0,0,11,4,0,0,0,0,0,2,0,0,0,0,0,0,0,0,0,1,0,0,0,0
hsa-miR-374a-5p,21,0,0,11,3,0,0,4,2,14,1,0,0,1,3,0,0,2,4,2,0,3,0,0,0,0,0,48,0,0,1,0,0,0,0,0,0,23,0,0,0,0
hsa-miR-374b-5p,63,0,0,76,4,0,4,8,0,88,1,0,0,1,4,2,0,2,19,0,0,3,0,0,0,0,5,23,1,0,11,0,0,0,0,0,1,20,0,1,1,1
hsa-miR-374c-3p,51,0,0,14,9,1,4,1,4,93,0,0,0,6,1,9,1,11,0,1,0,0,0,0,0,0,0,84,0,0,1,0,0,0,0,0,0,33,0,3,0,1
hsa-miR-375,17,167,361,13,223,14,33,234,294,116,4,98,17,48,34,65,85,255,21,47,1001,273,8,15,5,1,18,38,18,10,11,8,9,8,20,17,7,80,10,207,32,757
hsa-miR-376a-3p,1,0,1,0,0,2,1,3,0,11,0,0,0,0,0,0,0,0,1,0,0,0,0,0,0,0,0,3,0,0,0,0,0,0,0,0,0,7,0,0,0,0
hsa-miR-376b-5p,0,0,0,0,0,0,0,0,0,0,0,0,0,0,0,0,0,0,0,0,0,0,0,0,0,0,0,0,0,0,0,0,0,0,0,0,0,0,0,0,0,0
hsa-miR-376c-3p,2,1,0,0,6,0,6,0,6,10,0,0,0,0,0,0,0,0,2,0,0,7,0,0,0,0,0,5,0,1,0,0,0,0,0,0,0,9,0,0,0,1
hsa-miR-377-3p,1,0,0,0,0,1,0,0,0,4,0,0,0,2,2,0,0,10,12,0,0,0,0,1,0,0,0,8,0,0,0,0,0,0,0,0,0,9,0,0,0,0
hsa-miR-377-5p,3,0,0,0,0,0,1,1,0,3,0,0,0,0,0,0,0,0,5,0,0,0,0,0,0,0,0,1,0,0,0,0,0,0,0,0,0,8,0,0,0,0
hsa-miR-378a-3p,1309,427,637,452,251,401,421,190,375,1047,53,192,94,125,118,292,359,488,874,204,791,1213,8,42,36,4,55,1044,25,17,86,36,19,3,29,4,10,1011,3,502,284,822
hsa-miR-378a-5p,8,4,0,12,2,1,0,0,0,0,0,0,3,1,1,1,4,0,9,0,0,11,1,0,0,0,0,6,0,0,0,0,0,0,0,0,0,1,0,0,0,0
hsa-miR-378b,6,2,0,0,1,1,3,2,3,4,0,0,0,2,0,0,3,0,4,1,0,0,0,0,0,0,0,6,0,0,0,0,0,0,0,0,0,5,0,1,1,1
hsa-miR-378c,49,5,10,9,4,5,15,4,9,15,3,5,4,2,5,6,9,6,24,4,16,19,0,2,0,0,0,29,0,0,0,1,1,0,0,0,0,6,3,4,4,17
hsa-miR-378d,16,4,3,3,6,3,4,0,0,17,0,1,1,2,1,0,2,5,9,2,6,17,0,0,0,0,1,12,0,0,0,0,0,0,0,0,0,21,0,24,5,3
hsa-miR-378e,3,0,0,1,0,0,1,0,0,0,0,0,0,0,0,0,0,2,0,0,1,0,0,0,0,0,0,1,0,0,0,0,0,0,0,0,0,0,0,0,0,1
hsa-miR-378f,2,2,4,3,2,0,2,1,0,5,0,4,0,1,1,3,3,0,5,0,3,5,0,0,0,0,0,2,0,0,1,0,0,0,0,0,0,7,0,0,2,0
hsa-miR-378g,0,1,1,3,1,0,5,0,2,12,0,2,0,0,0,4,5,6,5,1,7,12,0,0,0,0,0,7,1,0,0,0,3,0,0,0,0,4,0,3,3,1
hsa-miR-378i,17,0,6,5,0,8,6,2,3,18,3,1,2,1,1,6,9,4,28,2,6,4,0,0,0,0,0,34,1,0,1,2,1,1,1,0,0,21,0,1,0,7
hsa-miR-379-3p,0,0,0,0,0,0,0,0,0,2,0,0,0,0,0,0,0,0,0,0,0,0,0,0,0,0,0,0,0,0,0,0,0,0,0,0,0,5,0,0,0,0
hsa-miR-379-5p,187,12,8,127,63,98,10,42,63,869,2,1,1,15,55,57,6,48,142,52,9,8,1,1,1,0,14,250,38,4,43,9,7,2,0,0,0,615,5,7,14,12
hsa-miR-380-5p,1,0,0,0,0,0,1,0,2,1,0,0,0,0,0,0,0,0,0,0,0,0,0,0,0,0,0,4,0,0,0,0,0,0,0,0,0,2,0,0,0,0
hsa-miR-381-3p,313,15,9,120,45,100,40,45,71,1126,7,6,4,25,105,33,8,40,286,51,43,30,0,1,3,0,7,573,5,0,0,0,0,1,0,0,0,855,0,7,14,20
hsa-miR-382-3p,15,0,0,32,2,0,0,6,0,72,1,0,0,1,4,0,0,2,31,1,0,0,0,0,0,0,0,21,0,0,0,0,0,0,0,0,0,66,0,0,5,0
hsa-miR-382-5p,63,7,8,12,20,4,15,21,23,227,1,3,3,11,16,19,1,17,132,16,7,6,0,0,0,0,10,78,2,1,32,4,0,1,0,0,0,398,0,13,8,3
hsa-miR-3908,0,0,0,0,0,0,1,0,0,0,0,0,0,1,0,0,0,2,0,0,9,0,0,0,0,0,0,1,0,0,3,0,1,0,0,0,0,0,0,0,0,0
hsa-miR-3909,1,0,0,0,0,0,3,0,0,11,0,0,0,3,4,0,0,0,0,0,0,0,0,0,0,0,0,2,0,0,0,0,0,0,0,0,1,3,0,2,0,0
hsa-miR-3912-3p,2,0,0,0,0,0,0,0,0,0,0,0,0,1,0,1,0,2,0,0,0,13,0,0,0,0,0,2,0,0,0,0,0,0,0,0,0,2,0,0,0,0
hsa-miR-3913-3p,4,0,0,0,0,0,0,0,0,0,0,2,0,0,1,0,3,2,4,0,1,3,1,0,0,0,3,2,0,0,0,2,0,0,2,0,0,3,0,1,2,5
hsa-miR-3913-5p,0,0,0,0,0,0,0,0,0,1,0,1,0,0,2,3,2,1,0,1,0,2,0,0,0,0,1,0,0,0,1,1,0,0,0,0,0,2,0,4,1,4
hsa-miR-3917,0,0,0,0,0,2,0,0,0,0,0,0,0,0,0,0,0,0,0,0,0,0,0,0,0,0,0,0,4,0,0,0,0,0,0,0,0,0,0,0,0,2
hsa-miR-3920,0,0,0,0,1,2,0,0,0,0,0,0,0,0,0,0,0,0,0,1,0,0,0,0,0,0,0,7,0,0,0,0,0,0,0,0,0,8,0,0,0,0
hsa-miR-3922-3p,5,0,0,9,0,0,3,0,0,5,0,0,0,0,3,0,0,0,0,0,0,0,0,1,0,0,0,1,0,0,1,0,0,0,0,0,0,2,0,0,0,0
hsa-miR-3928-3p,5,0,3,7,1,0,1,0,1,1,0,0,0,0,0,2,0,0,7,0,0,0,0,0,0,0,0,1,0,0,0,0,0,0,0,0,0,9,0,0,0,0
hsa-miR-3929,0,11,5,0,0,1,1,0,2,0,0,1,1,1,0,0,1,6,8,0,3,4,0,0,9,0,0,1,0,0,3,0,1,0,0,0,0,1,0,5,0,0
hsa-miR-3934-5p,0,0,0,0,3,0,1,0,0,2,0,0,0,1,3,0,0,0,0,0,6,0,0,0,0,0,0,0,0,0,0,0,0,0,0,0,0,1,0,3,0,0
hsa-miR-3936,0,0,0,0,0,0,0,0,7,0,0,0,0,0,0,0,0,0,0,0,0,0,0,0,0,0,0,0,0,0,0,0,0,0,0,0,0,0,0,4,0,0
hsa-miR-3940-3p,1,0,0,0,0,0,1,0,0,0,0,2,0,0,0,0,0,2,0,0,0,0,0,0,0,0,0,0,0,0,0,0,0,0,0,0,0,0,0,0,1,0
hsa-miR-3960,7,18,8,5,13,16,7,2,7,9,1,11,1,4,3,6,4,10,15,4,14,31,0,3,11,0,10,12,14,5,9,5,12,2,9,8,4,8,3,16,7,16
hsa-miR-3976,0,0,0,0,0,0,0,1,0,1,0,0,0,0,0,0,0,0,0,1,0,1,0,0,0,0,0,0,1,0,0,0,0,0,0,0,0,0,0,1,0,0
hsa-miR-409-3p,224,57,45,502,293,500,203,201,407,2093,15,35,32,230,331,123,64,211,839,219,152,112,1,2,1,5,122,603,58,21,213,22,0,8,1,0,1,1857,4,243,80,74
hsa-miR-409-5p,3,2,0,0,0,1,0,3,1,41,0,0,0,0,4,4,0,7,4,2,0,0,0,0,0,0,4,5,0,0,0,0,0,0,0,0,0,29,0,3,0,5
hsa-miR-410-3p,8,0,0,0,0,0,0,0,1,25,0,0,0,0,1,2,0,0,3,0,0,0,0,0,0,0,0,10,0,0,0,0,0,0,0,0,0,16,0,0,0,0
hsa-miR-411-3p,8,0,0,8,2,0,2,0,0,77,0,0,0,0,0,0,5,1,1,3,0,0,0,0,0,0,0,8,0,0,1,0,0,0,0,0,0,24,0,0,1,0
hsa-miR-411-5p,36,1,0,15,15,8,8,12,5,226,0,7,0,3,10,6,7,6,28,10,1,0,0,0,0,0,0,68,0,0,2,2,1,0,0,0,0,105,0,0,0,1
hsa-miR-412-5p,1,0,0,0,0,0,0,0,0,1,0,0,0,0,0,0,0,0,1,0,0,0,0,1,0,2,0,1,0,0,0,0,0,0,0,0,0,13,0,0,0,1
hsa-miR-421,56,3,1,36,12,18,3,3,8,91,0,1,0,1,3,7,13,12,38,10,28,25,0,0,0,0,3,85,4,0,5,6,0,0,0,3,0,37,0,20,8,3
hsa-miR-422a,3,0,0,0,0,4,0,0,0,1,1,0,0,0,0,0,1,0,1,0,1,0,0,0,0,0,0,0,0,0,0,0,0,0,0,0,0,0,0,0,0,1
hsa-miR-423-3p,2931,193,194,1536,597,696,1015,316,428,2998,43,180,70,568,306,610,303,639,1141,636,881,635,14,38,45,6,208,3138,141,30,339,99,20,36,42,4,25,2269,7,973,112,392
hsa-miR-423-5p,3342,5534,5910,8692,2240,1624,1468,2385,2109,8251,999,2983,1278,2193,2168,1179,2593,4324,7834,2200,11477,2841,148,385,385,56,1730,4600,1880,493,6731,1141,645,203,477,236,284,4764,113,5809,2905,10468
hsa-miR-424-3p,54,17,23,112,39,15,28,35,23,124,1,18,0,11,18,42,59,38,66,22,127,68,1,5,6,0,3,66,11,0,0,0,0,0,0,0,1,38,0,81,4,22
hsa-miR-424-5p,3,0,0,0,0,0,0,0,0,4,0,0,0,0,0,4,0,0,0,0,0,1,0,0,0,0,0,1,0,0,0,0,0,0,0,0,0,0,0,0,0,0
hsa-miR-425-3p,279,0,10,208,36,23,22,9,9,473,2,3,1,9,11,14,3,23,234,11,7,31,0,1,4,0,8,280,0,0,4,1,0,0,0,0,0,217,0,15,3,0
hsa-miR-425-5p,1113,103,178,660,339,228,250,146,168,2015,18,75,23,110,158,287,105,308,428,225,316,350,2,19,25,1,32,1147,20,7,129,19,7,10,4,4,8,721,2,321,50,234
hsa-miR-4284,0,0,0,0,2,0,0,0,0,0,0,0,0,0,0,0,0,0,0,0,0,0,0,0,0,0,0,0,0,0,0,0,0,0,0,0,0,0,0,0,0,0
hsa-miR-4286,15,0,0,8,0,0,1,0,5,28,0,0,0,0,0,0,0,0,7,0,0,0,0,1,0,0,0,10,0,0,0,0,0,0,0,0,0,17,0,0,0,0
hsa-miR-429,2,0,0,0,0,0,2,0,0,4,0,0,0,0,0,0,0,2,0,0,0,2,0,0,0,0,0,14,0,0,0,0,0,0,0,0,0,3,0,15,0,19
hsa-miR-4301,0,0,1,0,2,2,0,0,0,2,0,0,0,1,0,1,1,2,0,1,0,1,0,0,0,0,0,0,0,0,1,0,0,0,0,0,1,1,0,0,0,0
hsa-miR-431-3p,8,0,0,2,1,7,1,1,3,24,0,0,1,0,0,0,1,1,14,0,0,0,0,1,0,0,0,0,2,0,11,0,0,0,0,0,0,16,0,0,1,0
hsa-miR-431-5p,30,0,0,33,6,2,2,1,9,137,0,0,0,3,6,4,0,4,16,4,0,10,0,0,0,0,0,29,0,0,0,0,0,0,0,0,0,64,0,0,0,1
hsa-miR-432-5p,110,23,10,181,89,183,75,124,147,1417,6,16,5,42,65,85,26,53,153,72,44,37,1,0,2,1,52,343,121,30,187,33,64,5,15,1,4,469,8,9,12,16
hsa-miR-4326,82,1,1,40,15,12,18,13,9,129,0,2,0,11,0,1,16,34,95,13,9,24,0,3,11,0,8,130,0,0,2,0,0,0,0,0,0,0,0,35,6,1
hsa-miR-433-3p,72,5,2,63,44,95,18,12,27,439,9,2,11,14,18,23,4,20,92,21,0,14,1,0,0,0,16,107,19,7,25,5,0,1,2,1,0,100,0,1,24,17
hsa-miR-4419a,1,5,1,1,0,0,0,0,1,0,0,1,3,1,0,0,1,3,1,4,0,0,0,1,1,0,3,0,0,0,0,0,2,0,0,4,0,2,0,2,2,0
hsa-miR-4422,0,0,1,0,0,0,0,0,0,2,0,0,0,0,0,1,0,3,3,0,0,0,0,0,0,0,0,0,0,0,0,0,0,0,0,0,0,2,0,0,0,0
hsa-miR-4426,0,0,0,0,0,0,0,0,0,0,0,0,0,0,0,0,0,0,0,0,0,0,0,0,0,0,0,0,0,0,0,0,0,0,0,0,0,0,0,0,0,0
hsa-miR-4429,8,10,2,1,1,7,2,2,1,7,0,2,2,0,0,2,0,5,7,1,6,9,0,2,0,0,0,4,0,1,2,0,0,0,0,1,0,2,0,7,2,2
hsa-miR-4433a-3p,390,26,2,58,51,33,46,27,32,289,2,7,10,47,45,94,10,69,93,22,5,19,0,0,16,0,104,144,56,9,48,5,47,1,7,0,0,66,0,79,1,7
hsa-miR-4433a-5p,95,8,3,331,69,35,37,28,66,373,27,9,1,39,50,15,2,14,85,30,2,6,0,0,30,1,49,179,61,16,75,15,61,3,3,0,5,424,5,138,2,11
hsa-miR-4433b-3p,258,7,5,342,63,26,24,13,34,513,23,7,11,16,30,16,2,21,579,42,17,0,0,0,8,0,70,150,94,32,57,22,36,1,2,0,0,549,10,31,12,8
hsa-miR-4433b-5p,209,1,6,135,72,122,32,29,66,593,5,8,16,46,50,43,14,83,118,10,10,15,0,0,29,2,50,136,44,18,106,35,3,12,0,0,0,39,1,35,1,11
hsa-miR-4435,4,0,0,5,0,0,0,0,0,18,0,0,2,0,0,3,0,6,0,2,0,0,0,0,0,0,0,13,0,0,0,0,0,0,0,0,3,5,0,0,0,0
hsa-miR-4436b-3p,0,0,0,0,0,0,0,0,0,2,0,0,0,2,1,0,0,0,3,0,0,0,0,0,0,0,0,0,0,0,0,0,0,0,0,0,0,0,0,1,0,0
hsa-miR-4437,0,0,0,0,0,0,0,0,0,1,0,0,0,0,0,6,0,0,0,0,0,0,0,0,0,0,0,5,0,0,0,0,0,0,0,0,0,0,0,0,0,0
hsa-miR-4443,2,0,0,1,0,1,1,1,0,1,0,2,0,0,0,1,0,0,0,1,0,0,0,0,0,0,0,0,1,0,2,0,0,0,0,0,0,0,0,5,0,0
hsa-miR-4446-3p,154,3,5,169,29,93,81,53,71,314,0,15,2,17,41,62,4,39,173,36,10,23,1,0,15,1,41,158,88,7,102,28,10,9,0,0,0,147,2,36,16,10
hsa-miR-4448,4,1,0,3,0,2,3,0,2,5,0,0,0,0,0,1,0,0,1,0,1,1,0,0,1,0,0,2,0,3,2,1,0,0,0,0,0,2,0,2,0,2
hsa-miR-4449,0,0,0,0,2,0,0,4,0,0,0,0,4,0,0,0,0,0,1,0,0,0,0,0,0,0,0,2,0,0,1,0,0,0,0,0,0,0,0,0,0,0
hsa-miR-4454,2,2,4,0,0,0,2,1,0,0,2,0,0,0,0,0,0,3,6,0,0,2,0,0,0,0,0,0,0,0,0,0,0,0,0,0,0,0,0,0,0,0
hsa-miR-4455,0,0,0,0,0,0,0,0,0,0,0,0,0,0,0,0,0,0,0,0,0,0,0,0,0,0,0,0,0,0,0,0,0,0,0,0,0,0,0,0,0,0
hsa-miR-4459,3,0,0,0,0,1,0,0,0,2,0,0,0,0,0,0,2,0,0,0,4,3,0,1,1,0,1,1,18,0,1,0,0,0,0,0,0,0,1,0,0,0
hsa-miR-4461,1,0,0,0,8,0,0,0,0,0,0,0,0,0,0,3,0,0,0,0,0,0,0,0,0,0,0,0,0,2,2,2,0,0,0,0,0,0,0,0,0,0
hsa-miR-4466,1,0,0,1,0,0,0,0,1,0,0,1,0,0,2,1,0,1,2,0,4,0,0,0,10,0,1,0,1,0,6,1,0,0,10,0,0,3,0,2,3,0
hsa-miR-4470,12,0,1,0,3,13,0,0,0,10,0,0,0,0,0,3,0,0,10,0,0,0,0,0,0,0,0,1,0,0,0,0,0,0,0,0,0,6,0,4,0,0
hsa-miR-4472,1,0,0,0,1,0,2,0,0,0,0,0,0,0,0,0,2,0,0,1,1,0,0,3,0,0,0,0,0,0,0,0,0,0,0,0,0,0,0,0,0,0
hsa-miR-4473,4,0,1,2,0,1,2,1,0,14,0,2,0,0,0,1,1,5,4,3,1,7,0,0,0,0,5,4,0,0,0,0,0,0,0,0,0,11,0,0,0,1
hsa-miR-4484,0,0,0,0,0,0,0,1,0,0,0,0,0,0,0,0,0,0,0,0,0,0,0,0,0,0,0,0,0,0,0,0,0,0,0,0,0,0,0,0,0,0
hsa-miR-4485-3p,0,0,0,0,0,1,0,0,0,0,0,0,0,0,0,1,0,0,2,0,0,0,0,0,0,1,6,0,4,0,8,0,0,0,0,0,0,0,0,0,0,0
hsa-miR-4488,0,6,1,0,0,1,0,2,0,2,0,3,2,1,0,0,0,1,0,0,10,0,0,0,1,0,1,5,0,2,1,0,2,0,0,0,2,1,0,10,2,10
hsa-miR-4489,0,1,5,0,3,5,0,1,4,2,0,0,0,0,0,2,2,7,1,2,0,0,0,0,0,1,0,2,1,0,0,0,0,0,0,0,0,4,0,17,2,0
hsa-miR-4492,0,1,0,0,0,1,0,0,0,0,0,1,0,0,0,0,0,0,0,0,2,0,0,0,0,0,0,0,0,0,0,0,0,0,0,0,1,0,0,0,0,0
hsa-miR-4497,1,0,3,0,2,0,0,2,1,3,0,0,1,0,0,0,0,0,2,1,5,0,0,0,0,0,0,0,0,1,0,1,0,0,0,1,0,0,0,0,0,0
hsa-miR-4498,2,0,2,11,3,0,0,2,0,2,0,0,0,0,0,0,0,0,0,1,0,0,0,0,0,0,0,0,0,0,3,0,0,0,0,0,0,0,0,0,0,0
hsa-miR-4504,3,0,0,16,0,0,0,0,0,2,0,0,0,2,1,0,0,0,1,0,7,10,0,0,0,0,0,0,0,0,0,0,0,0,0,0,0,2,0,0,1,0
hsa-miR-4508,29,71,106,89,104,58,67,13,35,77,11,30,15,16,7,32,25,31,184,36,195,183,3,32,0,0,13,50,3,1,4,2,4,1,12,2,5,91,0,107,92,95
hsa-miR-450a-5p,17,0,0,18,1,0,3,4,0,10,0,0,0,2,1,0,0,0,11,0,16,0,0,1,0,0,0,31,0,0,0,0,0,0,0,0,0,9,0,3,0,0
hsa-miR-450b-5p,2,0,0,0,0,0,0,1,1,10,0,0,0,0,2,0,2,0,0,1,1,0,0,0,0,0,2,7,0,0,0,0,0,0,0,0,0,2,0,7,0,0
hsa-miR-4510,0,1,0,0,1,1,0,4,2,4,0,0,0,0,1,1,2,0,1,1,2,1,0,0,0,0,4,0,0,0,2,1,0,0,0,0,0,2,0,3,0,0
hsa-miR-4511,1,0,0,0,0,0,0,0,0,1,0,0,0,0,1,0,0,0,3,0,0,22,0,0,0,0,0,1,0,0,2,0,0,0,0,0,0,5,0,0,0,0
hsa-miR-4512,0,0,0,0,0,0,0,0,0,0,0,0,0,0,1,0,0,0,0,0,0,0,0,0,0,0,0,0,0,0,0,0,0,0,0,0,0,0,0,5,0,0
hsa-miR-4516,1,0,1,0,3,0,0,0,0,1,0,0,0,0,1,0,2,0,3,0,1,0,1,0,0,0,0,0,0,0,0,0,0,0,0,0,0,5,0,0,2,0
hsa-miR-451a,3804,2395,4035,4305,1000,907,2279,3217,1958,7598,621,1896,420,640,2931,2406,2841,4075,2580,1200,51534,8515,73,547,59,23,160,5444,739,246,611,111,671,73,688,479,774,1279,36,2317,603,10888
hsa-miR-451b,12496,2959,18925,9742,11178,5868,8419,1553,4144,20371,202,8181,1052,2819,441,8753,13067,9132,4470,9247,5639,65081,562,2723,337,55,1176,14777,68,31,31,915,180,158,81,106,112,19590,152,4096,2616,5171
hsa-miR-4521,0,0,0,0,0,0,0,0,0,0,0,0,0,0,0,0,0,0,0,0,0,0,0,0,0,0,0,0,0,0,0,0,0,0,0,0,0,0,0,0,0,0
hsa-miR-452-3p,0,0,0,0,0,0,0,0,0,0,0,0,0,0,0,0,0,0,0,0,0,0,0,0,0,0,0,3,0,0,0,0,0,0,0,0,0,1,0,0,0,0
hsa-miR-4525,1,0,0,0,0,0,0,0,1,1,0,0,0,0,0,3,0,0,0,0,2,0,0,0,3,0,2,1,0,0,0,0,0,0,0,0,0,0,0,0,0,0
hsa-miR-452-5p,42,4,0,6,13,0,5,1,7,12,2,0,0,11,5,2,0,5,17,1,0,0,0,0,0,0,0,13,0,0,0,0,0,0,0,0,0,10,0,8,0,2
hsa-miR-4533,11,1,3,9,4,0,6,11,19,17,0,0,0,0,2,2,1,3,4,2,0,0,0,0,0,0,0,19,7,0,10,0,0,0,0,0,0,3,0,0,0,10
hsa-miR-454-3p,5,0,0,0,2,0,0,0,3,17,0,0,0,2,0,0,4,7,0,1,0,9,0,0,0,0,0,21,0,0,0,0,2,0,0,0,0,5,0,0,0,0
hsa-miR-454-5p,6,0,1,0,0,0,0,5,7,4,0,0,0,1,0,2,0,1,2,0,5,12,0,0,0,0,0,4,0,0,0,0,0,0,0,0,0,3,0,17,0,0
hsa-miR-455-3p,0,0,0,0,0,0,0,0,0,0,0,0,0,0,0,0,0,0,0,0,0,0,0,0,0,0,0,0,0,0,0,0,0,0,0,0,0,0,0,0,0,0
hsa-miR-455-5p,0,0,5,17,1,2,0,0,0,1,0,2,0,0,0,0,0,0,0,1,17,7,0,0,0,0,0,0,0,0,0,0,0,0,0,0,0,0,0,0,0,0
hsa-miR-4638-5p,0,0,0,0,0,0,0,0,0,0,0,0,0,0,0,1,0,3,1,0,0,1,0,0,0,0,0,3,0,0,0,0,0,0,0,0,0,1,0,0,0,0
hsa-miR-4639-5p,1,0,0,0,0,0,5,0,0,0,0,0,0,0,0,0,0,0,0,0,0,0,0,0,0,0,0,0,0,0,0,0,0,0,0,0,0,0,0,0,0,0
hsa-miR-4644,2,0,0,0,0,0,0,0,0,1,0,0,0,0,0,0,0,0,0,6,0,0,0,0,0,0,0,0,0,0,0,0,0,0,0,0,0,2,0,0,0,1
hsa-miR-4645-3p,1,0,0,0,0,0,2,0,0,9,0,0,0,1,0,1,0,0,0,0,28,0,0,0,0,0,0,10,0,0,0,0,0,0,0,0,0,5,0,4,0,0
hsa-miR-4646-3p,0,0,0,0,0,2,0,0,0,1,0,0,0,0,0,0,0,1,0,0,0,0,0,0,0,0,0,0,0,0,0,0,0,0,2,0,0,2,0,0,0,0
hsa-miR-4646-5p,0,0,0,0,0,0,0,2,0,2,0,7,0,0,0,0,0,4,3,0,0,0,0,0,0,0,0,0,0,0,0,0,0,0,0,0,0,0,0,2,0,0
hsa-miR-4647,7,0,0,22,0,0,0,0,3,12,0,1,2,0,3,0,1,6,1,0,2,1,0,0,0,0,0,18,0,0,0,0,0,0,0,0,0,14,0,0,0,0
hsa-miR-4654,1,0,0,0,0,1,1,0,5,3,0,0,0,0,0,1,0,0,1,0,0,0,0,0,0,0,4,5,0,0,0,0,0,0,0,0,0,6,0,2,0,0
hsa-miR-4657,0,0,4,0,0,0,0,0,1,1,0,0,0,0,0,0,0,3,0,0,0,6,0,0,0,0,0,0,0,0,0,0,0,0,0,0,0,0,0,0,0,0
hsa-miR-4659a-3p,2,0,0,0,0,0,0,1,0,0,0,0,0,0,0,19,0,0,0,0,0,0,0,0,0,0,0,0,0,0,0,0,0,0,0,0,0,0,0,0,0,4
hsa-miR-4659a-5p,2,0,0,5,3,1,0,0,0,4,0,0,0,0,0,0,1,0,3,0,0,0,0,0,0,0,0,6,0,0,0,0,0,0,0,0,0,2,0,0,0,0
hsa-miR-4659b-3p,6,0,0,3,0,1,0,0,0,3,0,1,0,0,0,0,0,5,2,0,0,0,0,0,0,0,1,5,0,0,0,0,0,0,0,0,0,5,0,0,0,0
hsa-miR-4659b-5p,1,0,0,0,1,0,0,0,0,1,0,0,0,0,0,0,0,0,3,0,0,0,0,0,0,0,0,2,0,0,0,0,0,0,0,0,0,2,0,0,0,0
hsa-miR-4661-5p,6,0,2,9,0,0,0,1,0,7,0,0,0,0,0,0,0,4,2,0,0,0,0,1,0,0,0,4,0,0,0,0,0,0,0,0,0,1,0,0,0,0
hsa-miR-4662b,2,0,0,0,0,0,0,0,0,1,0,0,0,0,4,0,0,0,0,0,0,0,0,0,0,0,0,1,0,0,0,0,0,0,0,0,0,0,0,0,0,0
hsa-miR-4664-3p,5,3,0,15,7,0,1,0,0,9,0,0,0,1,0,0,2,3,5,2,0,0,0,0,0,0,0,9,0,0,0,0,0,0,0,0,0,4,0,0,0,0
hsa-miR-4665-5p,13,0,0,13,4,1,0,5,6,17,0,0,0,0,4,6,0,2,13,5,0,0,0,0,0,1,4,14,5,0,11,0,0,3,0,0,0,8,0,12,0,0
hsa-miR-4667-5p,0,0,0,0,0,0,0,0,0,1,0,0,0,0,0,0,0,0,4,0,0,0,0,0,0,0,0,1,2,0,0,0,0,0,0,0,0,3,0,0,0,0
hsa-miR-4668-5p,1,0,1,0,1,0,0,0,0,1,0,2,0,0,0,0,0,1,0,0,0,0,0,0,0,0,0,0,0,0,0,0,0,0,0,0,0,0,0,0,0,0
hsa-miR-4669,2,14,4,0,0,5,0,1,4,4,0,4,0,0,0,0,0,4,0,0,0,40,0,0,1,0,0,0,0,0,0,0,3,0,1,0,0,1,0,1,10,0
hsa-miR-4676-3p,6,0,0,0,0,0,0,0,0,10,0,0,0,0,0,0,1,0,0,0,0,0,0,0,0,0,0,0,0,0,0,0,0,0,0,0,0,2,0,0,0,0
hsa-miR-4676-5p,1,0,10,0,0,0,1,0,0,5,0,0,0,0,0,2,0,0,0,0,0,0,0,0,0,0,0,5,0,0,0,1,0,0,0,0,0,0,0,0,0,0
hsa-miR-4677-3p,7,0,0,0,0,0,8,0,1,7,0,0,0,0,0,0,0,0,0,0,0,0,0,0,0,0,0,21,0,0,0,0,0,0,0,0,0,6,0,0,0,0
hsa-miR-4685-3p,2,0,0,0,1,11,0,0,1,4,0,0,0,2,0,2,23,7,0,4,18,0,0,0,0,0,1,3,0,0,8,0,0,0,5,0,3,1,0,5,0,1
hsa-miR-4688,0,0,0,0,0,0,0,1,0,1,0,0,0,0,0,0,0,0,2,0,0,0,0,0,0,0,0,0,0,0,0,0,0,0,0,0,0,2,0,3,0,0
hsa-miR-4690-3p,2,0,0,0,0,9,0,0,1,0,0,0,0,0,0,0,0,0,1,0,8,0,0,0,0,0,0,0,0,0,0,0,0,0,0,0,0,3,0,0,0,0
hsa-miR-4700-3p,0,0,0,0,1,0,0,0,1,0,0,0,0,0,0,0,0,0,0,0,2,0,0,0,0,0,0,0,0,0,1,1,0,0,0,1,0,0,1,0,0,0
hsa-miR-4709-5p,0,0,0,0,0,0,0,0,0,0,0,0,0,0,0,0,0,0,0,0,0,0,0,0,0,0,0,0,0,0,0,0,0,0,0,0,0,0,0,0,0,0
hsa-miR-4721,0,0,0,0,0,0,0,0,0,0,0,0,0,0,0,0,0,0,0,1,0,0,0,0,0,0,0,2,3,0,0,0,0,0,0,0,0,0,0,0,0,0
hsa-miR-4726-5p,3,0,0,0,0,0,0,0,0,4,0,0,0,0,1,0,0,0,2,0,0,0,1,0,0,0,0,0,0,0,0,0,0,0,0,0,0,2,0,0,0,0
hsa-miR-4732-3p,3,16,21,1,11,15,13,3,6,5,1,11,3,4,0,13,17,14,2,7,60,50,0,6,0,0,5,3,1,0,4,9,1,0,2,1,4,5,0,12,2,23
hsa-miR-4732-5p,4,59,103,11,18,32,40,14,24,16,0,34,1,10,4,24,58,62,22,10,125,90,2,8,0,0,4,3,0,1,0,5,2,0,0,0,0,7,0,24,16,29
hsa-miR-4738-3p,5,0,0,6,1,9,1,0,0,6,0,0,1,0,3,0,0,0,12,3,0,0,0,0,0,0,0,3,0,0,0,0,0,0,0,0,0,0,0,3,1,7
hsa-miR-4741,3,0,0,0,0,2,0,0,0,4,0,3,0,0,0,0,0,1,1,0,0,0,0,0,0,0,0,0,0,0,0,0,0,0,0,0,0,1,0,12,0,0
hsa-miR-4742-3p,0,0,2,0,1,0,0,0,2,1,0,5,0,0,0,2,0,3,0,0,10,4,0,0,0,0,0,0,0,0,0,0,0,0,0,0,0,0,0,0,1,0
hsa-miR-4743-5p,1,2,3,0,2,0,1,0,0,0,0,0,0,0,0,0,0,0,4,0,0,0,0,0,0,0,0,1,0,0,0,0,0,0,0,0,0,4,0,6,0,9
hsa-miR-4745-5p,0,2,2,0,0,0,8,0,0,0,0,0,2,0,1,0,0,0,0,0,0,7,0,0,0,0,0,0,1,0,3,0,0,0,0,0,0,0,1,0,0,0
hsa-miR-4746-5p,39,13,13,38,13,15,13,9,10,47,4,4,4,7,7,4,0,14,49,10,16,32,0,1,0,0,3,32,2,0,6,0,1,0,0,0,0,62,0,18,1,13
hsa-miR-4748,1,1,0,0,0,0,0,0,0,0,0,0,0,0,0,0,0,0,0,0,0,0,0,0,0,0,0,0,0,0,0,0,0,0,0,0,0,0,0,0,5,0
hsa-miR-4750-5p,5,0,0,0,0,0,2,1,2,5,0,0,0,4,1,2,0,0,11,0,0,0,0,1,0,0,0,4,0,0,0,0,0,0,0,0,0,4,0,5,0,0
hsa-miR-4753-5p,0,0,0,0,0,0,0,0,0,3,0,0,0,0,0,0,0,4,0,0,0,0,0,0,0,0,0,1,0,0,0,0,0,0,0,0,0,0,0,0,0,0
hsa-miR-4755-3p,0,0,0,0,1,0,0,0,2,3,0,0,0,1,0,0,0,0,0,0,1,0,0,0,0,0,1,4,0,0,0,0,0,0,0,0,0,0,0,4,0,0
hsa-miR-4755-5p,2,0,0,0,1,0,0,2,1,1,0,0,0,0,0,0,0,0,0,0,0,0,0,1,0,0,0,1,0,0,0,0,0,0,0,0,0,0,0,2,0,0
hsa-miR-4762-3p,2,0,0,0,1,0,0,0,0,1,0,0,0,0,4,0,0,0,0,0,0,0,0,0,0,0,0,0,0,0,0,0,0,0,0,0,0,0,0,0,0,0
hsa-miR-4772-5p,3,0,2,0,0,0,0,0,0,2,0,5,0,0,0,0,0,0,0,0,0,2,0,0,0,0,0,0,0,0,0,0,0,0,0,0,0,0,0,0,0,0
hsa-miR-4777-3p,6,0,0,0,0,0,0,0,0,0,0,0,0,0,0,0,0,0,0,0,0,0,0,0,0,0,0,0,0,0,0,0,0,0,0,0,0,1,0,0,0,0
hsa-miR-4781-5p,0,0,0,0,0,0,0,0,0,0,0,0,0,0,0,0,0,0,3,0,0,1,0,0,0,0,0,0,0,0,0,0,0,0,0,0,0,2,0,0,0,0
hsa-miR-4784,3,0,0,0,0,0,0,0,0,0,0,0,0,0,1,0,0,0,0,0,0,6,0,0,0,0,0,1,0,0,0,0,0,0,0,0,0,0,0,0,0,0
hsa-miR-4792,0,0,0,0,0,0,0,2,0,0,0,0,0,0,0,0,0,1,0,0,0,0,0,0,0,0,0,0,0,0,0,0,0,0,0,0,0,0,0,0,0,0
hsa-miR-4796-5p,0,0,0,0,0,0,0,0,0,1,0,0,0,0,0,0,0,0,0,0,0,0,0,0,0,0,0,0,0,0,0,0,0,0,0,0,0,0,0,6,0,0
hsa-miR-483-3p,0,0,0,0,3,0,0,2,2,0,0,0,1,0,0,0,0,4,0,0,18,5,0,0,0,0,0,0,2,0,0,0,0,0,0,0,0,0,0,0,0,0
hsa-miR-483-5p,3,64,161,0,103,31,7,0,40,7,16,31,46,17,11,16,23,74,23,15,34,21,0,1,31,0,14,19,20,10,4,18,0,1,1,2,6,26,0,188,30,132
hsa-miR-484,1236,244,274,842,459,598,665,185,311,2950,8,194,28,312,351,362,257,652,940,328,790,337,10,47,57,3,161,1433,136,16,201,55,35,19,35,30,48,785,4,675,55,330
hsa-miR-485-3p,22,5,6,11,37,99,13,25,36,266,0,0,0,41,36,28,2,33,42,23,16,14,2,0,24,0,31,36,22,3,21,4,7,3,0,0,0,144,3,33,0,0
hsa-miR-485-5p,103,33,18,98,210,241,72,123,198,649,18,29,29,159,129,111,30,93,351,100,71,36,2,5,4,3,94,166,111,34,170,17,17,5,0,0,0,695,5,90,46,146
hsa-miR-486-3p,3270,19617,12074,3067,11115,18266,12869,6113,10004,4269,629,9700,1791,3759,2099,15915,13552,21373,6016,13284,149068,19539,517,1625,2105,83,2195,7079,1798,456,3079,1632,1312,331,4941,1486,5004,6696,154,14847,1610,26455
hsa-miR-486-5p,10514,7572,17732,6295,3948,4391,8790,2434,3177,25091,224,5046,1036,6320,4406,3239,11958,6383,6348,2153,51414,35770,414,1088,694,49,2331,3777,1586,278,1953,1778,320,311,2336,502,544,6978,221,5518,2360,6495
hsa-miR-487a-3p,0,0,0,0,1,0,0,0,0,1,0,0,0,0,0,0,0,0,1,1,0,0,0,0,0,0,1,0,0,0,0,0,0,0,0,0,0,5,0,0,0,0
hsa-miR-487a-5p,1,0,0,0,0,0,0,0,0,2,0,0,0,0,0,0,0,0,4,0,0,0,0,0,0,0,0,1,0,0,0,0,0,0,0,0,0,3,0,0,0,0
hsa-miR-487b-3p,16,0,0,12,1,5,0,8,4,112,0,1,0,2,9,3,2,2,16,0,0,0,1,0,0,0,0,18,0,0,0,0,0,0,0,0,0,21,0,0,1,0
hsa-miR-490-3p,1,0,0,6,0,0,0,0,0,2,0,0,0,0,0,1,0,0,2,0,0,0,0,0,0,0,0,4,0,0,0,0,0,0,0,0,0,6,0,8,4,0
hsa-miR-493-3p,265,5,2,86,40,87,23,30,49,944,6,2,9,13,36,24,6,31,141,26,16,19,0,5,0,0,11,340,21,3,46,5,1,0,0,0,0,538,3,6,24,3
hsa-miR-493-5p,51,1,11,61,21,27,5,41,26,501,1,1,2,19,26,15,15,19,30,9,0,11,0,0,0,1,6,150,8,0,18,4,3,0,0,1,0,167,0,0,1,3
hsa-miR-494-3p,22,0,0,20,3,12,1,5,2,219,0,1,0,0,9,12,0,1,46,8,1,6,0,0,0,0,0,36,0,0,0,0,0,0,0,0,0,51,0,0,0,0
hsa-miR-495-3p,54,0,0,75,70,63,17,15,36,428,2,3,0,10,37,20,14,25,46,12,4,19,0,0,0,0,6,183,6,1,17,0,0,2,0,0,0,278,0,23,11,14
hsa-miR-496,0,0,0,0,0,0,0,0,0,6,0,0,0,0,0,0,0,0,1,0,0,0,0,0,0,0,0,1,0,0,0,0,0,0,0,0,0,0,0,0,0,0
hsa-miR-497-5p,3,0,0,0,0,0,0,0,0,0,0,0,0,0,0,0,1,0,0,0,0,0,0,0,0,0,0,1,0,0,0,0,0,0,0,0,0,0,0,0,7,0
hsa-miR-4999-5p,0,0,0,0,0,0,0,2,0,2,0,0,0,0,0,0,0,0,0,0,0,0,0,0,0,0,0,2,0,0,0,0,0,0,1,0,0,0,0,0,0,0
hsa-miR-499a-5p,1,0,0,10,1,2,0,0,0,6,0,0,0,1,0,0,0,1,0,2,8,10,0,0,0,0,0,2,0,0,0,0,0,0,0,0,0,4,0,4,0,0
hsa-miR-499b-3p,2,0,0,9,0,2,0,0,0,6,0,0,0,0,1,0,0,3,0,2,6,15,0,0,0,0,0,5,0,0,0,0,0,0,0,0,0,2,0,6,0,0
hsa-miR-5004-3p,2,0,0,1,0,0,0,0,0,0,1,0,0,0,0,0,0,0,0,0,0,0,0,0,0,0,0,3,0,0,0,0,0,0,0,0,0,0,0,0,0,0
hsa-miR-5006-3p,0,0,0,0,0,0,0,0,0,2,0,0,0,0,0,0,0,0,1,0,0,0,0,0,0,0,0,4,0,0,0,0,0,0,0,0,0,2,0,0,0,0
hsa-miR-5009-5p,0,0,0,1,0,0,0,1,0,3,0,0,0,1,0,0,1,5,0,0,1,2,0,0,0,0,0,1,0,0,0,0,0,0,0,0,0,0,0,0,0,0
hsa-miR-500a-3p,22,0,4,8,3,7,8,0,6,22,0,1,0,0,2,3,1,5,28,0,12,34,0,0,0,0,1,25,0,4,5,0,0,0,0,0,0,22,0,19,0,17
hsa-miR-500a-5p,1,0,0,0,0,0,0,0,0,0,0,0,0,0,0,0,0,0,0,0,0,0,0,0,0,0,0,0,0,0,0,0,0,0,0,0,0,1,0,0,0,0
hsa-miR-500b-3p,2,0,0,0,0,0,1,0,1,1,0,0,0,0,0,0,0,0,2,0,0,0,0,0,0,0,0,0,0,0,0,0,0,0,0,0,0,0,0,0,0,0
hsa-miR-500b-5p,0,0,0,0,0,0,0,0,0,0,0,0,0,0,0,0,0,0,0,0,0,0,0,0,0,0,0,0,0,0,0,0,0,0,0,0,0,0,0,0,0,0
hsa-miR-5010-3p,9,4,1,3,3,2,9,4,6,18,0,1,0,2,1,3,2,3,5,1,2,10,0,1,0,0,0,17,0,0,0,0,0,0,0,0,0,5,0,0,0,0
hsa-miR-5010-5p,0,4,2,0,6,1,2,1,5,1,0,2,4,1,0,6,5,4,3,6,6,10,1,0,0,0,0,0,0,0,10,0,0,0,0,0,0,2,0,6,1,0
hsa-miR-501-3p,69,50,81,63,40,49,77,30,32,127,16,10,15,25,8,28,35,49,63,25,141,105,2,10,1,0,5,73,6,0,20,7,0,1,13,0,1,71,0,22,14,88
hsa-miR-501-5p,12,0,0,18,1,0,0,0,0,4,0,0,0,0,1,9,0,2,23,0,0,2,0,0,0,0,9,7,1,0,0,0,0,0,0,0,0,5,0,5,0,0
hsa-miR-502-3p,21,6,4,0,6,17,12,1,3,27,0,5,1,2,2,7,6,1,22,4,25,33,2,0,0,0,0,13,1,0,2,2,0,0,0,0,0,8,0,18,7,14
hsa-miR-502-5p,3,0,0,0,0,0,0,0,0,0,0,0,0,0,0,0,0,0,0,0,0,2,0,0,0,0,0,0,0,0,0,0,0,0,0,0,0,0,0,0,0,0
hsa-miR-503-3p,0,0,0,0,0,0,0,0,0,0,0,0,0,0,0,0,0,0,0,0,0,0,0,0,0,0,0,0,0,0,0,1,0,0,0,0,0,0,0,0,0,0
hsa-miR-503-5p,26,1,13,0,14,1,11,0,3,40,0,9,0,0,0,7,11,14,12,20,30,24,0,1,0,0,0,27,0,0,0,0,0,0,1,0,0,17,0,3,0,12
hsa-miR-504-5p,0,0,0,0,0,0,0,2,1,0,0,0,0,0,0,0,0,0,3,1,0,0,0,0,0,0,6,0,0,0,0,0,0,0,0,0,0,1,0,1,0,3
hsa-miR-505-3p,34,5,3,36,2,0,4,9,0,99,0,0,0,2,2,4,0,8,13,9,0,0,0,0,0,0,0,35,0,0,12,0,0,0,0,0,0,22,0,2,0,0
hsa-miR-505-5p,15,0,10,12,20,34,25,8,14,76,0,10,3,19,13,6,15,24,9,16,15,46,0,1,0,1,24,21,0,7,25,9,0,0,1,0,0,7,0,37,0,27
hsa-miR-5090,0,0,0,0,0,0,0,0,0,0,0,0,0,0,0,0,0,0,0,0,0,0,0,0,0,0,0,0,0,0,3,0,0,0,2,0,0,0,0,4,0,0
hsa-miR-5095,1,1,0,0,0,1,2,2,1,1,0,0,0,2,0,0,0,0,0,0,5,3,0,0,0,0,1,3,0,0,1,0,0,0,0,0,1,5,0,2,0,0
hsa-miR-5096,1,0,4,0,0,1,0,0,2,7,1,0,0,0,0,0,1,4,0,2,0,0,0,0,1,1,0,1,0,0,2,0,3,0,0,0,2,4,0,2,2,1
hsa-miR-5100,0,0,0,0,0,0,0,0,0,0,0,0,0,0,0,0,0,0,1,0,0,1,0,0,0,0,2,1,0,1,3,0,0,0,0,2,1,1,0,1,0,0
hsa-miR-511-5p,0,0,2,0,0,0,0,0,3,0,0,0,0,0,0,0,0,0,1,0,15,12,0,1,8,0,0,2,0,0,0,0,0,0,0,0,0,3,2,3,1,1
hsa-miR-513c-5p,0,0,0,0,0,0,0,0,0,0,0,0,0,0,0,0,0,0,0,0,0,0,0,0,0,0,0,0,0,0,0,0,17,0,0,0,0,0,0,0,0,0
hsa-miR-514a-3p,0,0,0,6,0,0,0,0,0,0,0,0,0,0,0,0,0,0,0,0,0,0,0,0,0,0,0,0,0,0,0,0,0,0,0,0,0,0,0,0,0,0
hsa-miR-516b-5p,0,0,0,0,3,0,0,0,0,0,0,0,0,0,0,0,0,0,0,0,0,0,0,1,0,0,0,0,0,0,0,0,0,0,0,0,0,0,0,0,0,9
hsa-miR-5187-3p,0,0,0,0,0,0,0,0,1,2,0,0,0,0,0,0,0,0,0,0,0,0,0,0,0,0,0,3,0,0,0,0,0,0,0,0,0,0,0,0,0,2
hsa-miR-5187-5p,9,0,0,0,7,0,7,0,0,13,0,0,0,0,0,6,0,0,6,0,0,0,0,0,0,0,2,8,1,0,3,0,0,0,0,0,0,6,0,0,0,0
hsa-miR-5188,0,0,0,0,0,0,0,0,0,2,0,0,0,0,0,0,0,0,0,0,0,0,0,0,0,0,0,0,0,0,0,0,0,0,0,0,0,0,0,6,0,0
hsa-miR-5189-3p,0,1,0,0,1,5,8,5,0,16,0,0,0,1,1,0,0,3,0,2,0,0,0,0,0,0,0,11,9,0,0,0,0,0,0,0,0,2,0,1,0,0
hsa-miR-5189-5p,3,8,1,0,3,0,3,0,0,29,1,0,0,0,1,7,2,11,17,2,4,5,1,1,0,0,2,16,0,0,3,0,0,0,0,0,0,5,0,0,1,4
hsa-miR-5193,0,0,0,0,1,0,0,2,0,1,0,0,0,2,3,0,1,0,3,1,0,0,0,0,0,0,2,2,6,0,0,0,0,0,0,0,0,2,0,0,0,0
hsa-miR-532-3p,8,0,7,6,0,0,1,2,1,14,0,1,5,0,1,2,1,2,2,0,1,0,0,2,0,0,0,2,0,0,0,0,0,0,0,0,0,15,0,2,0,0
hsa-miR-532-5p,743,217,313,616,443,289,442,241,360,1530,9,180,41,130,171,332,424,491,708,353,1176,1698,18,38,27,3,66,1259,24,5,100,37,21,12,34,6,44,964,6,404,113,417
hsa-miR-539-3p,0,0,0,0,0,0,0,0,2,15,0,0,0,0,1,0,2,2,0,0,0,0,0,0,0,0,0,2,0,0,0,0,0,0,0,0,0,6,0,0,0,0
hsa-miR-539-5p,2,0,0,0,1,0,0,0,0,7,0,0,0,0,0,0,0,0,1,1,0,0,0,0,0,0,0,0,0,2,1,0,0,0,0,0,0,2,0,2,0,0
hsa-miR-541-3p,1,0,0,3,1,0,0,1,0,4,0,0,0,0,0,0,0,6,12,1,0,0,0,0,0,0,0,7,0,0,0,0,0,0,0,0,0,6,0,0,0,0
hsa-miR-542-3p,3,0,0,6,0,1,0,0,1,15,5,0,0,0,1,0,0,0,0,0,0,5,0,1,0,0,0,20,0,0,0,0,0,0,0,0,0,5,0,0,0,0
hsa-miR-543,265,7,27,631,408,417,91,164,348,2363,13,26,12,230,232,200,68,228,709,231,35,74,2,3,32,2,195,861,101,20,126,22,17,9,2,0,4,1544,8,159,53,43
hsa-miR-548a-3p,0,0,0,0,0,0,0,0,0,0,0,0,0,0,0,0,0,0,5,0,0,0,0,0,0,0,0,0,0,0,0,0,0,0,0,0,0,4,0,0,0,0
hsa-miR-548aa,1,0,0,0,0,0,0,0,0,0,0,0,0,1,0,0,2,0,0,0,0,0,0,0,0,0,0,0,0,0,0,0,0,0,0,0,0,4,0,0,0,0
hsa-miR-548ac,0,0,0,0,0,0,5,0,0,0,0,0,0,0,0,0,0,0,0,0,3,6,0,0,0,0,0,0,0,0,0,0,0,0,0,0,0,0,0,0,6,0
hsa-miR-548ae-5p,1,0,0,0,0,0,0,0,0,0,0,0,0,0,0,0,0,0,0,0,4,0,0,0,0,0,0,0,0,0,0,1,0,0,0,0,0,0,0,0,0,0
hsa-miR-548ah-3p,3,0,0,13,0,0,0,0,0,0,0,0,0,0,0,0,0,0,3,0,0,0,0,0,0,0,0,1,0,0,0,0,0,0,0,0,0,2,0,0,0,0
hsa-miR-548am-3p,2,0,0,0,0,0,0,0,0,3,0,0,0,0,1,0,0,0,0,0,0,0,0,0,0,0,0,2,0,0,0,0,0,0,0,0,0,10,0,0,0,0
hsa-miR-548ap-5p,3,0,0,0,0,1,2,0,0,4,0,0,0,0,0,0,0,0,0,0,0,0,0,0,0,0,0,3,0,0,0,0,0,0,0,0,0,3,0,0,0,0
hsa-miR-548ax,6,0,0,11,0,0,0,5,4,8,0,0,0,0,1,0,0,2,8,0,0,0,0,0,0,0,0,15,0,0,0,0,0,0,0,0,0,4,0,3,0,0
hsa-miR-548d-5p,2,0,0,0,0,0,0,1,0,2,0,0,0,0,0,0,0,0,0,0,3,0,0,0,0,0,0,0,0,0,0,0,0,0,0,0,0,5,0,0,0,0
hsa-miR-548e-3p,16,0,0,14,2,0,0,2,3,23,0,0,0,0,2,0,2,4,6,6,0,10,0,0,0,0,0,33,0,0,0,0,0,0,0,0,0,15,2,2,0,0
hsa-miR-548f-3p,0,5,0,15,0,0,4,0,3,8,0,0,0,3,0,2,0,0,0,0,0,0,0,0,0,0,0,1,0,0,0,0,0,0,0,0,0,4,0,0,0,0
hsa-miR-548f-5p,0,1,0,0,0,0,1,1,0,10,0,0,5,0,2,0,0,0,0,0,0,0,0,0,0,0,0,0,0,0,0,0,0,0,0,0,0,3,0,0,0,9
hsa-miR-548j-3p,4,0,0,4,2,0,0,0,0,1,0,0,0,0,0,0,0,0,2,0,0,11,0,0,0,0,0,7,0,0,0,0,0,0,0,0,0,8,0,0,0,0
hsa-miR-548j-5p,29,0,0,9,6,2,12,1,0,39,0,0,0,0,3,2,0,1,12,0,0,0,0,1,0,0,0,27,1,0,1,1,0,0,0,0,0,13,0,10,0,0
hsa-miR-548k,2,0,0,0,1,0,0,0,1,8,0,0,0,0,0,0,0,1,1,0,1,0,0,0,0,0,0,23,0,0,0,0,0,0,0,0,0,2,0,2,0,1
hsa-miR-548l,0,0,0,0,1,2,0,0,0,0,0,0,0,0,0,0,0,4,4,0,0,10,0,0,0,0,0,0,0,0,0,0,0,0,0,0,0,1,0,0,0,0
hsa-miR-548n,0,0,1,0,0,0,0,0,0,3,0,0,0,0,0,0,0,0,0,0,0,2,0,0,0,0,0,0,0,0,0,0,0,0,0,0,0,0,0,0,0,0
hsa-miR-548o-3p,6,0,1,11,0,0,2,1,5,19,0,1,0,0,0,0,0,0,11,2,1,0,0,0,0,0,0,31,2,0,5,0,0,0,0,0,0,39,0,1,0,5
hsa-miR-548o-5p,0,0,0,0,0,0,0,0,0,0,0,0,0,0,0,0,0,0,0,0,0,11,0,0,0,0,0,0,0,0,0,0,0,0,0,0,0,0,0,0,0,0
hsa-miR-548p,2,0,0,1,0,0,0,0,0,1,0,0,0,0,0,0,0,0,7,0,0,0,0,0,0,0,0,0,0,0,0,0,0,0,0,0,0,3,0,0,0,0
hsa-miR-548q,0,0,0,0,0,0,1,0,1,2,0,0,3,2,0,3,0,9,5,1,13,18,0,1,0,0,0,1,0,0,0,0,0,0,0,0,0,0,0,1,0,0
hsa-miR-548u,5,0,0,0,0,0,0,0,0,3,0,0,0,0,1,2,0,0,3,0,0,0,0,0,0,0,0,5,0,0,0,0,0,0,0,0,0,7,0,0,0,0
hsa-miR-549a,0,0,0,0,4,0,0,0,0,0,0,0,0,0,0,0,0,0,2,0,0,0,0,0,0,0,0,2,0,0,0,0,0,0,0,0,0,0,0,0,0,0
hsa-miR-550a-3-5p,3,1,6,4,0,0,2,2,3,4,0,0,0,0,1,3,4,0,25,4,9,23,0,0,0,0,0,7,0,0,2,0,0,0,0,2,0,4,0,10,0,1
hsa-miR-550a-3p,0,0,0,0,0,0,0,0,0,4,0,0,2,0,0,4,0,1,0,1,11,0,0,1,0,0,1,0,0,0,0,0,0,0,0,0,0,1,0,1,0,1
hsa-miR-550a-5p,7,5,13,7,5,9,7,0,5,27,1,3,1,2,2,2,2,9,5,3,27,34,2,0,0,0,0,6,0,0,1,0,0,1,0,1,0,15,1,9,1,4
hsa-miR-550b-2-5p,3,0,0,0,0,0,0,0,0,5,0,0,0,0,0,0,0,0,0,0,0,0,0,0,0,0,0,0,0,0,0,0,0,0,0,0,0,1,0,0,0,0
hsa-miR-550b-3p,5,7,6,27,3,4,2,0,2,5,1,3,0,5,0,10,23,5,13,9,30,9,0,1,0,0,0,5,0,2,6,0,0,0,1,0,0,15,0,22,1,5
hsa-miR-552-3p,2,0,0,7,0,7,0,0,0,12,0,0,0,3,0,0,0,1,0,0,0,4,0,0,0,0,0,16,0,0,0,0,0,0,0,0,0,5,0,0,0,0
hsa-miR-556-5p,0,0,0,0,0,0,0,0,0,4,0,0,0,0,0,0,0,0,0,0,0,3,0,0,0,0,0,1,0,0,0,0,0,0,0,0,0,0,0,0,0,0
hsa-miR-558,1,0,0,0,0,1,0,1,0,1,0,0,3,0,0,1,0,3,3,0,0,0,0,0,0,0,0,1,0,0,1,0,2,0,0,0,0,3,0,3,0,4
hsa-miR-5582-3p,0,0,0,0,0,0,0,0,0,0,0,0,0,0,0,0,0,0,0,0,0,0,0,0,0,0,0,0,0,0,0,0,0,0,0,0,0,6,0,0,0,0
hsa-miR-5584-5p,1,0,0,0,4,1,0,2,2,2,0,0,0,0,0,1,0,0,3,0,0,0,0,0,0,0,0,1,0,0,0,0,0,0,0,0,0,2,0,0,0,0
hsa-miR-5588-5p,1,0,0,0,3,0,0,1,3,3,0,0,0,0,0,0,0,3,0,0,0,0,0,0,0,0,0,0,0,0,1,0,2,0,0,0,0,0,0,1,0,4
hsa-miR-566,2,0,2,0,0,3,0,0,0,2,2,0,0,0,0,1,0,2,3,2,13,1,0,0,1,0,0,0,0,1,0,1,0,0,0,0,0,3,1,1,0,0
hsa-miR-5684,0,0,0,5,1,2,0,0,0,0,0,0,0,0,1,0,0,1,0,0,0,0,0,0,0,0,2,0,1,0,0,0,0,0,0,0,0,2,0,4,0,1
hsa-miR-5695,2,0,3,0,0,0,0,0,0,0,0,0,0,0,0,0,5,0,0,0,2,6,0,0,0,0,0,4,0,0,0,0,0,0,0,0,0,5,0,0,0,4
hsa-miR-5698,5,0,0,0,0,2,2,0,0,1,0,0,0,0,1,0,0,0,4,0,0,0,0,0,0,0,0,1,0,0,1,0,0,0,0,0,0,1,0,1,3,0
hsa-miR-5701,1,0,0,0,0,0,0,0,0,0,0,0,0,0,0,0,0,0,0,0,0,0,0,0,0,0,0,0,0,0,0,0,0,0,0,0,0,0,0,0,0,0
hsa-miR-574-3p,44,1,1,65,6,8,36,9,7,118,2,1,1,8,5,12,0,22,43,9,4,3,0,0,0,0,6,41,11,0,6,0,0,0,0,0,0,48,0,18,1,6
hsa-miR-574-5p,74,4,36,182,37,7,26,12,25,86,4,16,9,5,7,35,17,16,99,17,31,79,2,0,1,0,12,180,6,9,18,0,6,1,4,0,1,222,1,11,8,34
hsa-miR-576-3p,40,2,11,33,14,6,18,4,14,25,0,0,0,3,1,6,11,1,19,4,23,55,0,1,0,0,0,52,0,0,0,0,0,0,0,0,2,49,0,8,9,0
hsa-miR-576-5p,11,0,0,0,0,5,3,0,2,20,0,0,0,0,0,0,11,4,0,0,4,12,0,1,0,0,0,21,0,0,0,0,0,0,0,0,0,7,0,0,1,2
hsa-miR-579-5p,4,0,0,8,0,0,0,0,0,0,0,0,1,2,2,1,0,0,0,0,0,7,0,0,0,0,0,6,0,0,0,0,0,0,0,0,0,0,0,0,2,0
hsa-miR-580-3p,0,0,0,0,0,0,0,0,0,3,0,0,0,0,0,0,0,2,0,0,8,0,0,0,0,0,0,0,0,0,0,0,0,0,0,0,0,2,0,0,0,0
hsa-miR-581,0,0,0,0,0,0,0,0,0,2,0,0,0,0,0,0,0,1,1,1,0,0,0,0,0,0,0,8,2,0,0,0,0,0,0,0,0,5,0,0,0,0
hsa-miR-582-3p,6,0,0,0,1,0,0,0,1,0,0,0,0,0,2,1,0,0,4,1,10,10,0,0,0,0,0,14,0,0,0,0,0,0,0,0,0,1,0,6,0,0
hsa-miR-584-5p,1505,162,146,3369,644,619,913,528,762,6287,21,168,17,644,642,825,172,941,1536,689,603,624,17,31,161,9,339,2709,269,56,488,144,35,43,25,10,28,3535,23,1103,125,297
hsa-miR-585-3p,0,0,0,0,0,0,0,0,0,0,0,0,0,0,0,0,0,0,0,0,0,0,0,0,0,0,0,0,0,0,0,0,0,0,0,0,0,0,0,0,0,0
hsa-miR-589-3p,3,0,0,0,0,0,0,0,0,6,0,0,0,0,0,0,0,1,0,0,0,0,0,0,0,0,0,1,0,0,0,0,0,0,0,0,0,0,0,0,0,0
hsa-miR-589-5p,63,2,3,10,2,1,5,5,10,75,0,0,0,1,6,2,7,11,17,4,2,1,0,3,0,1,2,47,1,0,1,5,1,0,0,1,1,26,0,11,0,4
hsa-miR-590-3p,0,0,0,0,2,0,0,0,0,2,0,0,0,0,0,0,0,1,0,0,0,0,0,0,0,0,0,5,0,0,0,0,0,0,0,0,0,1,0,0,0,0
hsa-miR-597-3p,2,0,0,0,0,0,0,2,0,4,0,0,0,0,0,1,0,0,0,0,0,0,0,0,0,0,0,2,0,0,0,0,0,0,0,0,0,1,0,0,0,0
hsa-miR-598-3p,15,0,1,7,0,2,1,0,2,31,0,1,0,1,4,4,4,0,11,0,1,18,0,1,0,0,1,50,0,0,0,0,0,0,1,0,0,2,0,0,0,0
hsa-miR-605-3p,0,0,0,0,0,0,2,0,2,2,0,0,0,0,0,0,0,0,1,0,0,0,0,0,0,0,0,0,0,0,0,0,0,0,0,0,0,8,0,0,0,0
hsa-miR-605-5p,0,0,0,0,0,0,0,0,0,9,0,0,0,0,0,2,0,0,0,0,0,0,0,0,0,0,0,0,0,0,0,0,0,0,0,0,0,0,0,0,0,0
hsa-miR-6068,0,2,0,0,0,0,0,1,0,1,0,0,0,0,0,0,0,2,0,0,0,0,0,0,0,0,0,0,0,0,0,0,4,0,0,0,0,0,0,0,0,0
hsa-miR-607,0,0,0,0,1,4,4,0,0,0,0,0,1,0,0,4,1,0,2,0,15,0,2,0,0,0,0,0,0,0,0,0,0,0,0,0,0,0,0,1,0,0
hsa-miR-6087,0,0,10,0,3,0,2,0,0,0,3,1,2,1,0,2,0,2,1,0,4,1,0,0,1,0,0,0,0,1,0,0,0,2,2,0,13,0,0,2,3,3
hsa-miR-610,2,3,10,0,0,2,0,0,2,7,0,0,3,0,2,1,6,0,4,2,0,1,0,0,0,0,2,8,0,0,0,0,0,0,1,2,0,4,0,5,0,2
hsa-miR-612,11,2,4,11,1,1,1,1,2,10,2,0,1,4,0,1,0,0,3,0,0,0,0,0,0,0,0,7,0,0,0,0,0,0,0,0,0,15,0,2,0,2
hsa-miR-6127,11,2,4,11,1,0,0,1,2,10,2,1,1,4,0,0,0,0,3,0,0,2,0,0,0,0,0,7,0,0,0,0,0,0,0,0,0,15,0,1,0,2
hsa-miR-6130,0,0,2,0,4,0,0,1,0,5,0,0,0,0,1,0,1,0,0,0,2,1,0,0,0,0,0,0,0,0,1,0,0,0,0,0,0,3,1,0,0,0
hsa-miR-6131,174,21,7,52,62,48,32,25,50,124,7,12,6,55,7,5,6,49,36,15,13,7,0,0,1,0,4,109,11,0,14,3,4,1,0,0,0,39,1,52,5,8
hsa-miR-615-3p,0,0,7,0,1,0,2,1,3,0,0,3,0,0,0,3,1,3,0,7,16,9,0,0,4,0,0,0,0,0,0,0,0,1,0,0,0,4,0,3,0,12
hsa-miR-616-3p,0,0,0,5,0,0,0,4,0,0,0,0,0,0,0,2,0,0,0,0,0,0,0,0,0,0,0,1,0,0,0,0,0,0,0,0,0,0,0,2,0,0
hsa-miR-616-5p,0,0,0,0,0,0,0,0,0,0,0,0,0,0,0,0,0,0,0,0,1,0,0,0,0,0,0,8,0,0,0,0,0,0,0,0,0,0,0,0,0,0
hsa-miR-618,0,0,0,0,0,0,0,0,0,3,0,0,0,0,0,0,0,0,0,0,6,2,0,0,0,0,0,0,0,0,0,0,0,0,0,0,0,0,0,0,0,0
hsa-miR-619-5p,0,1,1,0,0,1,0,1,0,0,0,0,1,0,0,0,0,2,6,1,8,2,0,0,0,0,0,0,0,0,0,0,0,0,0,0,1,3,0,4,0,7
hsa-miR-625-3p,244,9,14,750,166,80,88,96,326,2248,2,55,5,180,374,132,42,333,460,96,153,47,3,0,158,4,150,513,147,19,182,51,12,8,1,1,11,1129,4,289,3,70
hsa-miR-625-5p,388,17,38,841,271,190,41,41,137,2282,1,57,7,389,97,362,17,177,274,65,233,94,1,2,39,0,232,524,383,8,131,52,25,18,6,0,9,575,0,264,7,49
hsa-miR-628-3p,44,0,8,20,12,5,11,17,3,102,0,0,0,11,6,12,0,20,25,8,5,1,0,1,0,0,1,87,3,1,0,5,0,1,0,0,0,22,0,11,2,0
hsa-miR-628-5p,8,0,0,0,0,0,0,0,0,4,0,0,1,0,0,0,0,0,0,0,0,0,0,0,0,0,0,6,0,0,0,0,0,0,0,0,0,4,0,0,0,0
hsa-miR-629-3p,14,3,2,4,1,2,1,2,6,7,1,8,0,0,0,3,4,1,3,3,28,1,1,0,4,0,0,7,0,0,6,1,0,0,0,0,0,7,0,1,1,7
hsa-miR-629-5p,166,106,149,173,85,80,81,58,59,304,27,76,41,34,59,125,157,127,227,88,528,412,6,5,55,3,26,237,18,12,123,39,9,9,33,0,12,254,3,110,62,147
hsa-miR-636,0,8,2,1,16,0,0,0,0,5,0,0,2,0,0,0,0,0,4,2,0,2,0,0,0,0,1,1,1,0,1,0,0,0,0,0,0,0,0,0,0,0
hsa-miR-641,12,0,0,15,5,0,1,1,5,31,0,0,0,0,0,1,0,3,0,0,0,3,0,0,0,0,1,28,0,0,0,0,0,0,0,0,0,16,0,0,0,0
hsa-miR-642a-3p,1,1,0,0,1,0,0,0,0,0,0,6,0,0,0,0,0,0,0,0,0,0,0,0,0,0,0,0,0,0,0,0,0,0,0,0,0,0,0,2,0,0
hsa-miR-6503-3p,7,0,0,0,0,0,0,0,0,7,0,0,0,0,0,4,0,6,0,1,6,6,0,1,0,0,1,3,0,0,0,0,0,0,0,0,0,1,0,0,0,0
hsa-miR-6503-5p,1,0,0,0,1,0,0,0,2,2,0,0,0,0,0,0,0,0,0,0,0,0,0,0,0,0,0,2,0,0,0,0,0,0,0,0,0,0,0,0,0,0
hsa-miR-6509-3p,0,0,0,0,0,2,0,0,0,0,0,0,0,0,0,0,0,0,0,0,1,0,0,0,0,0,0,0,0,0,0,4,0,0,0,0,0,0,0,0,0,0
hsa-miR-6509-5p,0,0,0,0,0,6,0,2,0,0,0,0,0,0,0,0,0,0,0,0,0,0,0,0,0,0,0,0,0,0,0,0,0,0,0,0,0,0,0,0,0,0
hsa-miR-6511a-3p,0,0,0,12,1,3,6,3,0,2,0,7,0,1,0,2,0,9,1,1,1,3,0,0,0,0,3,2,0,6,0,1,0,0,0,0,0,0,0,0,0,0
hsa-miR-6511b-3p,4,0,0,0,0,2,0,1,0,1,0,1,0,0,1,0,0,2,0,0,0,0,0,0,0,0,0,0,0,0,14,0,0,0,0,0,0,0,0,0,0,0
hsa-miR-6513-3p,6,0,3,0,0,0,1,0,0,4,0,0,0,0,1,0,0,4,1,0,0,0,0,0,0,0,0,9,0,0,0,0,0,0,0,0,0,2,0,1,0,0
hsa-miR-6513-5p,2,0,0,0,0,0,0,0,0,2,0,0,0,0,0,1,0,0,0,0,0,0,0,0,0,0,0,1,0,0,0,0,0,0,0,0,0,1,0,0,0,0
hsa-miR-6514-5p,3,0,0,0,0,0,4,0,3,13,0,0,0,0,0,0,0,0,6,2,11,0,0,0,0,0,0,0,0,0,0,0,0,0,1,0,0,0,0,0,0,0
hsa-miR-6515-5p,1,0,0,0,0,0,0,0,0,6,0,0,0,1,0,1,0,0,1,0,0,0,0,0,0,0,0,2,0,0,0,0,0,0,0,0,0,4,0,7,1,0
hsa-miR-651-5p,0,0,0,0,0,0,0,0,0,7,0,0,0,0,0,0,0,0,0,7,0,6,0,0,0,0,0,16,0,0,0,0,0,0,0,0,0,3,0,0,0,1
hsa-miR-6516-3p,4,0,0,0,0,0,0,0,0,1,0,0,0,0,0,0,0,0,0,0,0,0,0,0,0,0,0,0,0,0,0,0,0,0,0,0,0,3,0,0,0,0
hsa-miR-6516-5p,3,0,0,14,6,12,0,1,0,0,0,0,0,0,0,0,0,0,0,0,0,3,0,0,0,0,0,4,0,0,0,0,0,0,0,0,0,4,0,6,0,1
hsa-miR-652-3p,754,14,9,250,52,35,44,8,15,909,1,4,0,5,35,65,21,30,321,37,46,36,1,1,0,0,6,579,1,0,23,6,1,0,0,2,5,366,0,27,5,1
hsa-miR-654-3p,183,3,9,179,55,66,23,37,30,1427,2,8,1,33,51,29,12,23,330,72,7,8,0,1,0,0,23,294,17,2,22,2,0,3,0,0,0,816,0,20,9,10
hsa-miR-654-5p,79,10,1,127,56,105,17,56,53,578,0,6,5,20,64,46,15,39,200,34,3,20,2,0,5,1,26,175,26,4,66,8,12,2,1,0,0,330,0,12,17,26
hsa-miR-655-3p,0,0,0,0,0,0,0,0,0,3,0,0,0,0,0,0,0,0,3,0,0,0,0,0,0,0,0,0,0,0,0,0,0,0,0,0,0,0,0,0,0,0
hsa-miR-656-3p,0,0,0,0,0,0,0,0,0,9,0,0,0,0,0,2,0,0,0,0,0,0,0,0,0,0,0,3,0,0,0,0,0,0,0,0,0,9,0,0,0,0
hsa-miR-659-5p,4,0,0,0,1,0,0,0,0,6,0,0,0,0,0,0,3,1,4,0,0,0,0,0,0,0,0,3,3,0,0,0,2,0,0,0,1,4,0,0,0,0
hsa-miR-660-3p,2,0,0,0,0,0,0,0,0,0,0,0,0,0,0,0,0,0,4,0,0,0,0,0,0,0,0,0,0,0,0,0,0,0,0,0,0,0,0,0,0,0
hsa-miR-660-5p,63,17,15,28,24,17,12,8,10,40,2,4,2,11,2,5,6,14,34,12,32,70,0,1,0,0,5,71,0,0,0,1,2,1,5,3,0,38,0,15,5,25
hsa-miR-663a,0,0,3,0,0,0,0,0,0,0,0,0,0,0,0,0,0,0,0,0,0,0,0,0,0,0,0,0,0,0,0,0,0,0,0,0,0,0,0,0,0,0
hsa-miR-664a-3p,9,0,0,0,2,2,0,3,0,42,0,0,0,2,0,0,0,1,0,11,0,0,0,0,0,0,0,5,0,0,0,0,0,0,0,0,0,10,0,0,0,0
hsa-miR-664a-5p,73,8,5,35,25,44,20,21,16,215,3,6,6,16,7,30,5,47,113,29,1,33,0,0,0,0,21,86,0,2,23,9,1,1,3,1,0,81,2,51,3,21
hsa-miR-664b-5p,10,0,4,10,0,4,5,7,6,12,0,0,0,0,0,3,0,0,2,1,4,0,0,0,0,0,2,20,0,2,3,0,0,1,0,0,0,14,0,4,0,10
hsa-miR-665,0,0,0,0,0,0,0,0,0,4,0,0,0,0,0,0,0,0,7,0,0,0,0,0,0,0,0,0,0,0,0,0,0,0,0,0,0,0,0,0,0,0
hsa-miR-668-3p,0,0,0,0,0,0,0,0,0,9,0,0,0,0,0,0,0,0,3,0,0,0,0,0,0,0,0,0,0,0,0,0,0,0,0,0,0,5,0,0,0,0
hsa-miR-671-3p,83,28,4,161,75,128,92,88,154,504,2,9,7,77,88,103,28,156,207,86,21,34,0,0,16,2,73,386,98,3,204,14,23,7,2,2,11,246,5,171,10,24
hsa-miR-671-5p,39,10,0,26,1,4,2,2,1,22,0,0,1,6,7,2,0,3,38,1,0,4,0,2,0,0,0,33,1,0,0,0,0,0,0,0,1,15,0,4,0,11
hsa-miR-6716-3p,0,0,0,0,2,0,6,0,2,3,0,0,0,0,0,0,0,5,0,0,0,0,0,0,0,0,1,0,0,0,2,0,0,0,0,0,0,5,0,0,0,0
hsa-miR-6721-5p,7,0,0,17,3,6,0,1,5,22,0,3,0,6,2,6,0,2,2,0,1,0,0,0,1,0,4,17,0,2,42,4,0,0,0,0,0,21,0,5,0,0
hsa-miR-6723-5p,0,0,0,0,3,0,0,21,0,0,0,0,0,0,0,0,0,0,0,2,0,0,0,0,5,0,48,0,0,3,0,103,0,0,1,0,0,0,0,0,0,0
hsa-miR-6726-3p,0,0,0,0,0,0,1,0,0,2,0,2,1,1,0,2,2,1,0,1,0,3,0,0,0,0,0,0,0,0,0,0,0,1,0,0,0,0,0,1,0,0
hsa-miR-6730-5p,0,0,0,0,0,0,0,0,0,6,0,0,0,0,0,0,0,0,0,0,0,0,0,0,0,0,0,0,0,0,0,0,0,0,0,0,0,0,0,0,0,0
hsa-miR-6732-3p,2,0,0,0,0,0,0,0,0,0,0,0,0,0,0,0,0,0,0,2,0,0,0,0,0,0,0,0,3,0,0,0,0,0,0,0,0,0,0,0,0,0
hsa-miR-6734-5p,1,0,0,0,1,0,4,0,0,6,0,0,0,0,0,0,0,2,6,0,2,4,0,0,0,0,3,1,0,0,0,0,1,0,0,0,0,4,0,0,2,0
hsa-miR-6735-5p,0,3,0,0,0,0,1,0,0,3,0,0,0,0,0,1,0,5,1,0,0,2,0,0,0,0,0,0,0,0,0,0,0,0,0,0,0,0,0,0,0,0
hsa-miR-6736-5p,0,0,0,0,0,0,0,1,0,0,0,0,0,0,0,3,0,0,2,0,0,0,0,0,0,0,0,0,0,0,0,0,0,0,0,0,0,0,0,0,0,0
hsa-miR-6741-3p,5,13,1,22,14,15,7,1,9,14,0,1,0,5,6,9,2,6,5,7,11,9,1,0,1,0,6,5,6,0,6,0,1,2,0,0,0,2,0,4,0,4
hsa-miR-6741-5p,13,0,0,24,8,6,5,2,3,23,0,1,0,0,7,3,2,10,18,2,3,1,1,0,0,0,4,22,3,0,15,1,1,0,3,3,0,19,0,1,1,8
hsa-miR-6743-3p,0,0,0,0,0,0,0,0,0,0,0,0,0,0,0,0,6,0,0,0,0,0,0,0,0,0,0,0,0,0,0,0,0,0,0,0,0,0,0,0,0,0
hsa-miR-6747-3p,3,0,1,0,3,2,1,0,1,3,0,4,0,2,1,5,5,8,2,2,1,0,0,0,0,0,0,1,1,0,3,0,1,0,0,0,0,2,0,5,0,2
hsa-miR-6753-3p,0,0,0,0,0,0,0,0,0,0,0,0,0,2,1,0,0,0,0,0,0,0,0,0,0,0,0,1,0,0,0,0,0,0,0,0,0,0,0,2,0,0
hsa-miR-6755-5p,0,0,0,0,0,0,0,0,0,9,0,0,0,0,0,0,0,0,0,0,0,0,0,0,0,0,0,0,0,0,0,0,0,0,0,0,0,0,0,0,0,0
hsa-miR-6759-5p,0,0,0,0,0,0,0,0,0,0,0,0,0,0,0,6,0,0,0,0,0,0,0,0,0,0,0,0,0,0,0,0,0,0,0,0,0,0,0,0,0,0
hsa-miR-6763-5p,1,0,0,0,2,0,0,0,0,3,0,0,0,0,0,0,0,0,0,0,0,0,0,0,0,1,0,0,0,0,5,0,0,0,1,0,0,0,0,0,0,0
hsa-miR-6764-5p,2,0,0,0,0,0,1,1,0,3,0,0,0,0,0,0,0,0,0,0,0,0,0,0,0,0,0,0,0,0,0,0,0,0,0,0,0,2,0,0,0,0
hsa-miR-6766-5p,0,0,0,0,0,0,0,2,0,1,0,0,0,0,0,1,0,0,2,0,0,0,0,0,0,0,0,0,0,0,0,0,0,0,0,0,0,2,0,0,0,0
hsa-miR-6767-5p,0,0,0,0,0,0,1,0,0,2,3,3,0,0,0,0,0,0,0,0,0,7,0,0,0,0,0,0,0,0,5,0,0,0,0,0,0,1,0,0,0,0
hsa-miR-6770-3p,2,0,0,0,0,0,0,1,0,3,0,0,0,2,0,0,0,0,3,0,0,0,0,0,0,0,0,4,0,0,0,0,0,0,0,0,0,2,0,0,0,0
hsa-miR-6772-3p,6,3,0,0,7,11,7,9,8,10,0,0,2,0,0,1,0,5,1,2,0,0,0,0,0,0,0,16,0,1,6,0,0,0,0,0,0,5,0,2,0,1
hsa-miR-6772-5p,1,0,0,0,0,0,0,0,2,2,0,0,0,0,0,0,0,0,3,0,0,0,0,0,0,0,0,7,0,0,0,0,0,0,0,0,0,6,0,0,0,0
hsa-miR-6777-5p,0,0,0,0,0,0,2,0,0,0,0,0,0,0,0,0,0,0,7,0,0,0,0,0,0,0,0,0,1,0,0,0,0,0,0,0,0,0,0,0,0,0
hsa-miR-6780a-5p,1,0,0,17,2,0,3,0,0,2,0,1,0,2,0,0,0,3,0,0,2,0,0,0,0,0,0,0,0,0,0,0,0,0,0,0,0,0,0,10,0,2
hsa-miR-6786-3p,0,0,0,0,0,0,0,0,1,1,0,0,0,0,0,0,0,0,0,2,3,0,0,0,0,0,0,0,0,0,5,0,0,0,0,0,0,0,0,0,0,0
hsa-miR-6787-3p,0,0,0,0,0,0,0,0,0,1,0,0,0,0,0,0,0,0,0,1,0,0,0,0,0,0,1,0,0,0,0,0,0,0,0,0,0,0,0,3,0,0
hsa-miR-6791-5p,3,0,0,7,0,0,0,0,0,1,0,0,0,0,0,0,0,0,0,0,0,0,0,0,0,0,0,3,0,0,0,0,0,0,0,0,0,0,0,0,0,1
hsa-miR-6793-5p,4,0,0,3,2,0,0,0,1,1,0,0,0,0,0,0,3,1,1,0,0,0,0,0,0,0,0,3,0,0,0,7,0,0,0,0,0,1,0,0,0,1
hsa-miR-6800-3p,0,0,0,0,0,0,0,0,0,0,0,0,0,0,0,0,0,6,0,0,0,0,0,0,0,0,0,0,0,0,0,0,0,0,0,0,0,0,0,0,0,0
hsa-miR-6802-5p,1,0,0,0,0,0,0,2,2,0,0,0,0,0,0,0,0,0,0,0,0,0,0,0,0,0,0,0,0,0,0,0,0,0,0,0,0,1,0,0,0,0
hsa-miR-6803-3p,0,0,0,1,0,6,0,1,1,1,0,1,0,0,0,3,0,1,0,1,1,0,0,0,0,0,1,1,0,0,0,0,7,0,0,0,0,0,0,4,0,0
hsa-miR-6804-5p,0,0,0,6,0,0,0,0,0,0,0,1,0,0,0,0,0,0,3,0,0,0,0,0,0,0,0,0,0,0,0,0,0,0,0,0,0,1,0,1,0,0
hsa-miR-6805-5p,5,0,0,0,2,0,0,0,4,0,0,0,2,1,0,5,0,0,6,0,2,7,0,0,0,0,0,0,0,0,0,0,0,0,0,0,3,0,0,0,0,0
hsa-miR-6806-3p,0,0,0,0,0,0,2,0,1,0,0,2,0,0,0,0,0,2,0,0,2,0,0,0,0,0,0,4,0,0,0,0,0,0,0,0,0,1,0,0,0,0
hsa-miR-6807-5p,8,0,0,0,0,0,0,0,0,0,0,0,0,0,0,0,0,0,2,0,0,0,0,0,0,0,0,1,0,0,0,0,0,0,0,0,0,0,0,0,0,7
hsa-miR-6810-3p,1,0,0,0,1,0,0,0,5,0,0,1,0,0,0,0,0,0,0,0,0,0,0,0,0,0,0,1,0,0,0,0,0,0,0,0,0,0,0,0,1,0
hsa-miR-6810-5p,1,1,1,0,0,0,1,0,0,1,0,0,0,0,0,0,0,0,0,0,0,0,0,0,0,0,0,1,0,0,0,0,0,0,0,0,0,0,0,5,0,0
hsa-miR-6812-3p,0,1,0,0,0,0,0,0,0,0,0,0,0,0,0,0,2,0,0,1,2,1,0,0,0,0,0,0,0,0,0,0,0,0,0,0,0,0,1,0,0,0
hsa-miR-6813-5p,0,0,0,0,0,0,0,1,0,2,0,0,0,0,0,0,0,4,0,1,0,0,0,0,0,0,0,0,1,0,3,0,0,0,0,0,0,1,0,1,0,0
hsa-miR-6815-5p,0,0,0,0,0,0,2,3,0,0,0,0,1,0,0,2,1,0,0,1,5,3,0,0,0,0,0,0,0,3,0,0,0,0,0,0,0,0,0,0,1,0
hsa-miR-6818-3p,4,0,0,0,0,0,0,0,0,4,0,0,0,0,0,0,0,0,0,0,0,0,0,0,0,0,0,1,0,0,0,0,0,0,0,0,0,1,0,0,0,0
hsa-miR-6819-3p,1,0,0,1,5,6,2,1,2,0,0,0,0,1,0,0,0,1,1,0,0,0,0,0,0,0,0,1,1,0,0,0,0,0,0,0,0,0,0,4,0,0
hsa-miR-6825-5p,0,0,0,0,0,0,0,0,0,3,0,0,0,2,0,2,0,1,0,0,0,0,0,1,0,0,0,0,0,0,0,0,0,0,0,0,0,0,0,5,0,0
hsa-miR-6832-5p,0,0,0,0,0,0,0,0,3,0,0,0,0,0,1,0,0,1,0,1,0,0,0,0,0,0,0,0,0,0,0,0,0,0,0,0,0,0,0,0,0,0
hsa-miR-6837-3p,15,0,0,2,0,0,0,0,1,3,0,0,0,0,0,0,0,0,0,0,0,0,0,0,0,0,0,9,0,0,0,0,0,0,0,0,0,10,0,0,0,0
hsa-miR-6842-3p,109,1,1,56,18,10,16,13,14,130,1,5,0,2,6,14,2,10,75,9,0,18,0,0,2,0,4,109,7,3,25,1,0,1,0,0,0,120,0,13,7,3
hsa-miR-6842-5p,6,0,1,0,4,3,1,0,0,4,0,0,0,3,0,3,0,0,4,4,1,0,0,0,0,0,0,0,1,0,2,0,0,0,0,0,0,3,0,0,0,1
hsa-miR-6843-3p,8,0,2,10,0,0,1,1,2,11,0,0,0,0,0,1,0,1,6,1,0,0,0,0,0,0,0,7,0,0,0,0,0,0,0,0,0,19,0,1,0,0
hsa-miR-6847-5p,0,1,0,0,0,0,0,0,0,0,0,0,0,0,1,0,0,0,0,0,0,0,0,0,0,0,0,6,0,0,0,0,0,0,0,0,0,1,0,1,0,2
hsa-miR-6850-5p,0,1,0,0,0,1,0,0,0,0,0,0,0,0,0,0,0,0,0,2,0,1,0,0,0,0,0,2,0,0,0,0,0,0,0,0,0,2,0,0,0,0
hsa-miR-6852-3p,3,0,0,0,0,0,0,0,0,8,0,0,0,0,0,0,1,1,2,2,0,0,0,0,0,0,0,5,0,0,0,0,0,0,0,0,0,1,0,0,0,0
hsa-miR-6852-5p,302,12,2,152,19,17,34,16,26,438,0,2,1,12,24,30,0,29,257,14,1,11,1,0,0,0,22,222,6,2,31,12,3,0,0,0,0,220,0,16,10,16
hsa-miR-6855-3p,1,0,0,0,0,0,0,0,1,0,0,0,0,0,0,0,0,0,4,0,0,0,0,0,0,0,0,0,0,0,0,0,0,0,0,0,0,1,0,1,0,0
hsa-miR-6855-5p,0,0,1,0,1,3,2,0,0,7,0,0,1,0,2,9,1,0,0,1,2,5,0,0,0,0,1,8,0,0,0,0,0,0,0,0,0,2,0,0,0,0
hsa-miR-6857-3p,1,0,0,0,2,0,0,1,0,0,0,0,0,0,0,1,1,0,0,1,14,5,0,0,0,0,0,0,0,0,0,0,0,0,0,0,0,0,0,5,0,0
hsa-miR-6859-3p,1,0,0,0,1,0,0,0,0,1,0,0,0,0,0,0,0,0,0,0,0,3,0,0,0,0,0,0,0,0,0,0,0,0,0,0,0,0,0,0,0,0
hsa-miR-6859-5p,3,1,0,3,0,0,5,0,0,13,0,0,0,1,2,1,3,4,14,2,5,3,0,1,0,0,0,8,0,0,0,0,0,0,0,0,0,6,0,4,0,0
hsa-miR-6861-3p,0,0,0,0,0,0,0,0,4,0,0,0,0,1,0,0,0,1,1,1,0,0,0,0,0,0,0,2,0,0,0,0,0,0,0,0,0,2,0,0,0,0
hsa-miR-6862-5p,3,0,0,0,0,0,0,1,0,8,0,0,0,0,0,2,0,0,0,0,0,2,0,0,0,0,1,0,2,0,0,0,0,0,0,0,0,2,3,0,0,3
hsa-miR-6866-5p,3,0,0,8,4,0,0,0,6,6,0,0,0,0,5,1,0,0,5,0,3,8,0,0,0,0,0,9,0,0,0,0,0,0,0,0,0,8,0,1,0,0
hsa-miR-6868-3p,0,0,0,0,0,0,0,0,1,5,0,0,0,0,0,1,0,0,0,0,0,0,0,0,0,0,0,1,0,0,0,0,0,0,0,0,0,4,0,0,0,1
hsa-miR-6873-3p,2,0,0,0,6,0,0,0,0,8,0,0,0,0,1,5,0,0,1,0,5,4,0,1,0,0,0,4,2,0,0,0,0,0,0,0,0,4,0,1,0,1
hsa-miR-6875-5p,0,3,0,0,4,0,0,0,0,3,0,0,0,0,0,0,0,0,1,0,0,0,0,1,0,0,0,0,0,0,0,0,0,0,0,0,0,5,0,0,0,0
hsa-miR-6877-5p,3,1,0,5,0,3,2,0,2,10,0,0,0,0,0,2,0,0,0,5,0,0,0,0,0,0,0,0,0,0,0,0,0,0,0,0,0,0,0,0,0,0
hsa-miR-6881-3p,0,2,0,0,0,0,0,0,0,0,0,0,0,0,0,0,0,0,0,1,18,0,0,0,0,0,0,0,0,0,0,0,0,0,0,0,0,0,0,0,0,0
hsa-miR-6883-3p,0,0,0,0,0,0,1,0,0,0,0,0,0,0,0,0,0,0,0,1,0,0,0,0,0,0,4,0,0,0,0,0,0,0,1,0,0,0,0,0,0,0
hsa-miR-6884-5p,3,11,2,0,0,0,0,0,0,0,0,2,0,1,0,1,0,3,6,7,3,7,0,0,0,0,0,2,0,0,0,0,0,0,0,0,0,0,0,1,3,15
hsa-miR-6891-5p,0,0,0,0,0,0,0,0,0,0,0,0,0,0,0,0,0,0,0,0,10,0,0,0,0,0,2,1,1,2,0,0,2,0,0,0,0,0,1,0,0,0
hsa-miR-6892-5p,1,0,0,0,0,0,1,0,0,0,0,0,0,0,0,0,0,0,0,0,0,0,0,0,0,0,0,3,0,0,0,0,0,0,0,0,0,0,0,0,0,0
hsa-miR-6894-3p,0,0,0,0,0,1,0,0,0,0,0,0,0,0,0,0,0,0,0,0,8,0,0,0,0,0,0,0,0,0,0,0,0,0,0,0,0,0,0,3,0,0
hsa-miR-708-3p,12,0,1,0,1,2,0,5,0,3,0,0,0,0,0,2,0,0,0,0,0,1,0,0,0,0,0,1,0,0,0,0,0,0,0,0,0,0,0,0,0,0
hsa-miR-708-5p,4,0,0,0,0,0,0,0,0,0,0,0,0,0,0,0,0,0,0,0,0,0,0,0,0,0,0,0,0,0,0,0,0,0,0,0,0,0,0,0,0,0
hsa-miR-7110-3p,6,2,1,5,16,9,1,1,2,3,9,7,8,14,0,5,1,5,5,0,6,2,0,0,0,0,1,1,5,1,3,2,0,0,1,0,0,8,0,6,0,9
hsa-miR-7110-5p,0,0,0,0,0,0,0,0,0,0,0,0,0,0,0,0,0,0,2,0,0,0,0,0,0,0,0,0,1,0,0,0,0,0,0,0,0,7,0,0,0,0
hsa-miR-7113-5p,0,0,0,0,1,2,0,1,0,5,0,0,2,0,0,0,1,1,4,3,0,0,0,0,0,0,0,0,2,0,0,0,0,0,0,0,0,1,0,0,0,0
hsa-miR-7-1-3p,2,0,0,0,0,0,0,1,0,1,0,0,0,0,0,0,0,1,0,0,0,0,0,0,0,0,0,1,0,0,0,0,0,0,0,0,0,0,0,0,0,0
hsa-miR-744-3p,9,0,0,0,0,0,0,0,0,11,0,0,0,0,0,0,0,0,1,0,0,0,0,0,0,0,0,5,6,0,0,0,0,0,0,0,0,19,0,1,0,0
hsa-miR-744-5p,4094,221,96,2767,840,700,889,582,573,5990,85,164,75,368,452,547,75,650,3367,418,295,144,5,12,49,8,173,3373,211,36,985,138,38,28,11,3,2,2984,3,1183,165,264
hsa-miR-758-3p,13,0,0,16,0,0,0,3,0,27,0,0,0,1,2,0,0,6,13,3,0,0,0,0,0,0,0,4,0,0,1,0,0,0,0,0,0,25,0,0,4,0
hsa-miR-7-5p,168,10,18,30,88,24,15,41,35,244,2,25,4,36,26,27,45,77,26,37,141,326,9,6,0,0,5,199,31,4,90,7,9,3,15,1,4,163,2,82,11,21
hsa-miR-760,45,1,12,36,9,5,21,9,13,66,1,3,2,6,4,16,8,20,78,14,1,7,1,0,0,1,5,73,10,4,9,4,0,0,0,0,1,45,0,32,0,21
hsa-miR-7641,910,853,392,46,393,1924,1092,1645,244,490,195,286,1346,366,67,1061,756,916,466,901,492,358,6,10,159,10,582,92,360,85,266,2259,359,579,176,216,209,2459,615,864,290,226
hsa-miR-766-3p,110,0,1,28,1,1,0,2,2,116,1,0,1,1,0,2,1,4,17,4,0,0,0,0,0,0,0,28,0,0,0,0,0,0,0,0,0,32,0,0,0,0
hsa-miR-766-5p,45,0,8,16,10,9,11,10,10,85,2,0,1,7,0,13,0,3,39,7,2,1,0,0,0,0,9,62,17,0,34,1,0,0,0,0,0,58,1,16,0,1
hsa-miR-769-3p,0,0,0,0,0,0,4,0,0,0,0,0,0,0,0,0,0,0,0,0,0,0,0,0,0,0,0,0,0,0,0,0,0,0,0,0,0,0,0,0,0,15
hsa-miR-769-5p,147,6,6,35,27,17,16,17,26,131,3,6,8,5,22,16,3,17,139,12,16,4,0,1,0,0,2,128,1,1,12,8,0,1,0,0,0,115,1,23,4,10
hsa-miR-7703,0,2,1,0,0,0,0,0,0,0,1,0,0,0,0,0,0,0,0,0,0,0,0,0,0,0,0,0,0,0,0,0,0,0,0,0,0,0,0,0,0,2
hsa-miR-7704,1,0,0,0,0,0,0,0,0,3,0,1,0,0,0,2,0,1,2,1,0,0,0,0,0,0,0,3,0,0,0,0,0,0,0,0,0,0,0,0,0,0
hsa-miR-7706,36,50,48,21,13,37,47,8,13,82,6,8,2,12,6,23,20,43,40,6,122,105,2,6,0,1,12,40,2,0,1,0,2,0,1,1,5,24,0,39,6,31
hsa-miR-7848-3p,3,0,0,0,0,0,0,0,0,3,0,0,3,0,0,0,0,0,0,0,0,0,0,0,0,0,0,0,0,0,0,0,0,0,0,0,0,0,0,0,0,0
hsa-miR-7849-3p,6,0,0,0,0,1,5,3,2,23,0,0,0,0,0,4,0,3,10,1,0,0,0,0,0,0,0,20,0,0,2,0,0,0,0,0,0,6,1,2,0,0
hsa-miR-7851-3p,0,1,1,0,1,0,0,0,0,1,0,1,1,2,0,0,0,0,1,0,0,0,0,0,0,0,5,0,0,0,0,5,0,1,0,0,0,1,0,0,0,2
hsa-miR-7854-3p,6,7,0,13,1,0,1,5,1,17,0,1,0,0,1,10,0,3,13,3,6,1,0,0,2,0,0,8,0,0,4,0,0,0,0,0,0,4,0,2,0,6
hsa-miR-7855-5p,4,0,0,0,0,0,0,0,0,7,0,0,0,0,0,0,0,0,4,0,0,0,0,0,0,0,0,3,0,0,0,0,0,0,0,0,0,0,0,0,0,0
hsa-miR-7974,0,0,0,0,0,0,0,0,0,0,0,0,0,0,0,0,0,0,0,0,0,0,0,0,0,0,0,0,0,0,0,0,0,0,0,0,0,0,0,0,0,0
hsa-miR-7976,2,0,6,0,1,0,1,0,0,14,0,0,0,0,1,1,3,1,4,1,0,3,0,0,0,0,0,9,0,0,0,0,0,0,0,0,0,1,0,0,0,0
hsa-miR-7977,2,0,0,1,2,0,0,1,0,6,0,0,1,0,0,0,0,0,5,1,0,0,0,0,0,0,0,3,0,2,1,0,1,0,0,0,0,3,0,1,0,0
hsa-miR-8072,2,2,1,1,1,0,0,1,2,2,0,0,0,0,0,4,0,0,0,0,1,5,0,0,0,0,3,2,2,0,0,0,0,2,3,0,1,0,0,2,1,0
hsa-miR-8086,2,0,0,0,0,2,1,0,0,4,0,0,0,1,0,0,1,0,4,2,14,5,0,0,0,0,0,2,0,0,0,0,0,0,0,0,0,2,0,2,0,0
hsa-miR-8089,0,0,1,0,1,1,1,0,0,0,0,0,2,0,0,0,0,0,0,0,0,0,0,0,0,0,0,0,0,0,0,0,0,0,0,0,0,0,0,0,0,0
hsa-miR-8485,1,0,2,2,0,0,1,4,1,5,0,0,2,0,2,3,2,0,2,0,13,2,0,0,0,0,0,15,1,0,1,0,0,0,0,0,0,6,2,5,0,1
hsa-miR-873-5p,1,0,0,0,0,0,1,0,0,8,0,0,0,0,0,0,0,0,0,0,0,0,0,0,0,0,0,0,0,0,0,0,0,0,0,0,0,1,0,0,0,3
hsa-miR-874-3p,39,13,5,32,23,8,9,0,6,53,0,1,0,3,1,1,3,13,33,1,3,2,0,0,0,0,1,23,1,0,0,0,0,0,0,1,0,31,0,9,4,7
hsa-miR-877-3p,0,0,0,0,0,1,0,0,0,2,0,0,0,1,0,1,0,0,3,0,0,1,0,0,0,0,0,0,3,0,8,0,0,0,0,0,0,0,0,1,0,1
hsa-miR-877-5p,21,0,8,32,7,4,2,2,6,33,1,1,1,3,0,6,6,4,15,6,24,9,0,0,0,0,1,15,0,0,9,0,0,0,2,0,0,14,0,16,5,0
hsa-miR-885-3p,0,0,2,0,0,0,1,0,2,0,0,0,2,0,0,0,0,0,0,0,0,8,0,0,0,0,0,0,3,2,0,0,0,0,0,0,0,0,0,6,0,0
hsa-miR-885-5p,0,3,8,0,2,0,0,1,5,0,0,0,0,1,0,0,0,6,1,0,68,19,0,0,15,0,0,0,4,0,0,0,0,0,0,0,0,0,0,12,0,18
hsa-miR-889-3p,10,0,0,3,0,19,2,1,1,36,0,0,0,0,8,2,0,1,5,0,0,0,0,0,0,0,1,20,0,0,1,0,0,2,0,0,0,22,0,1,2,0
hsa-miR-922,0,1,0,0,0,0,0,0,2,0,0,0,0,0,0,0,0,0,0,0,0,0,0,0,0,0,0,0,0,0,0,0,0,0,0,0,0,0,0,0,0,4
hsa-miR-92a-1-5p,6,0,0,8,1,0,1,1,0,17,0,0,0,0,0,1,0,0,3,0,3,0,0,0,0,0,0,8,4,0,0,1,3,0,0,0,0,4,0,1,0,0
hsa-miR-92a-3p,5331,3823,7480,7580,6299,6587,5877,5832,6338,20596,106,3381,451,3966,2894,7010,8598,9587,5368,5982,36150,19110,274,765,983,63,1899,10357,2017,241,2667,1133,538,291,1307,414,1070,6129,110,6428,705,12611
hsa-miR-92b-3p,44,23,53,131,48,65,44,50,39,108,0,42,4,37,40,45,77,91,24,64,264,117,0,9,62,1,97,43,72,28,38,19,36,10,41,12,19,26,3,49,0,74
hsa-miR-92b-5p,9,34,22,8,21,3,18,15,15,22,8,12,12,7,3,26,36,26,22,22,111,36,0,2,6,0,9,25,19,3,16,11,14,1,16,4,2,21,2,19,6,60
hsa-miR-933,0,0,0,7,0,0,0,0,0,0,0,0,0,0,0,0,0,0,1,0,0,0,0,0,0,0,0,0,0,0,0,0,0,0,0,0,0,2,0,0,0,0
hsa-miR-93-3p,14,2,0,18,2,2,7,1,0,23,0,0,0,1,2,4,3,1,14,0,0,0,0,0,0,0,0,39,0,0,7,0,0,0,0,0,0,9,0,0,0,1
hsa-miR-93-5p,364,31,46,177,53,51,66,41,64,566,5,19,4,21,31,91,81,97,146,75,216,277,3,6,4,0,16,440,8,4,18,11,0,0,18,1,10,216,4,90,20,74
hsa-miR-937-3p,0,0,0,0,1,0,5,3,3,2,0,3,0,0,5,1,9,3,1,3,20,2,0,0,0,0,0,4,0,1,0,0,0,0,0,0,0,1,0,0,0,13
hsa-miR-939-5p,5,5,9,16,7,2,10,9,8,18,0,6,4,5,0,8,9,9,21,9,2,3,0,0,7,0,2,22,0,2,3,2,3,0,3,5,2,9,0,17,2,24
hsa-miR-940,1,0,0,0,0,0,0,0,0,1,0,0,0,0,0,0,0,0,0,0,0,0,0,0,0,0,0,6,0,0,0,0,0,0,0,0,0,3,0,0,0,0
hsa-miR-941,100,12,26,41,22,7,8,17,26,125,0,12,2,6,16,9,18,65,69,17,165,54,0,6,0,0,6,48,0,0,16,3,8,1,11,0,5,76,0,24,4,65
hsa-miR-942-3p,1,0,0,2,1,0,1,0,1,10,0,0,1,0,1,0,0,0,0,3,3,3,0,0,0,0,0,0,0,0,0,0,0,0,0,0,0,1,0,4,0,0
hsa-miR-942-5p,56,8,0,56,14,9,8,15,8,140,0,9,0,8,0,16,7,5,27,8,41,43,1,3,0,0,0,135,0,3,5,4,0,0,1,0,0,73,0,13,0,11
hsa-miR-95-3p,2,0,1,0,0,0,0,2,2,6,0,1,0,0,0,0,3,2,1,1,8,3,0,0,0,0,0,8,0,0,0,0,0,0,0,0,0,3,0,2,0,0
hsa-miR-9-5p,13,0,0,0,0,0,0,1,0,5,0,0,0,0,0,0,0,0,1,0,0,3,0,0,0,0,0,1,0,0,0,0,0,0,0,0,0,4,0,0,0,0
hsa-miR-96-5p,2,0,0,0,3,8,1,0,0,0,0,0,0,0,0,1,4,1,1,1,0,11,0,1,0,0,0,0,0,0,1,0,0,0,0,0,0,2,0,0,0,4
hsa-miR-98-3p,17,0,0,0,0,4,0,0,0,19,0,0,0,0,0,0,0,0,1,3,0,0,0,0,0,0,0,34,0,0,0,0,0,0,0,0,0,8,0,0,0,0
hsa-miR-98-5p,90,2,9,110,35,31,32,59,42,319,0,9,0,29,21,41,3,43,27,39,20,76,0,5,27,1,27,322,49,6,71,39,3,3,1,1,0,121,5,25,0,3
hsa-miR-99a-5p,880,175,1474,663,714,233,561,190,398,1404,61,261,52,137,154,210,293,553,779,235,1253,1195,17,62,5,4,19,1298,40,12,38,38,13,6,26,8,32,928,5,749,179,774
hsa-miR-99b-3p,90,2,0,29,23,12,9,24,15,106,0,8,0,3,17,9,0,5,57,8,14,10,0,0,0,0,5,94,1,0,1,3,1,0,0,0,4,44,0,38,9,2
hsa-miR-99b-5p,1549,144,316,1339,1153,614,459,774,733,2538,12,123,34,463,444,352,120,838,661,523,677,354,9,10,68,5,189,1846,207,29,428,57,49,35,15,4,19,763,16,1112,119,552
